--
-- PostgreSQL database dump
--

-- Dumped from database version 12.14 (Ubuntu 12.14-0ubuntu0.20.04.1)
-- Dumped by pg_dump version 12.14 (Ubuntu 12.14-0ubuntu0.20.04.1)

SET statement_timeout = 0;
SET lock_timeout = 0;
SET idle_in_transaction_session_timeout = 0;
SET client_encoding = 'UTF8';
SET standard_conforming_strings = on;
SELECT pg_catalog.set_config('search_path', '', false);
SET check_function_bodies = false;
SET xmloption = content;
SET client_min_messages = warning;
SET row_security = off;

SET default_tablespace = '';

SET default_table_access_method = heap;

--
-- Name: likes; Type: TABLE; Schema: public; Owner: -
--

CREATE TABLE public.likes (
    "userId" integer NOT NULL,
    "postId" integer NOT NULL
);


--
-- Name: posts; Type: TABLE; Schema: public; Owner: -
--

CREATE TABLE public.posts (
    id integer NOT NULL,
    description text,
    url text,
    likes bigint DEFAULT 0,
    "createdAt" timestamp with time zone DEFAULT now() NOT NULL,
    "editedAt" timestamp with time zone DEFAULT now() NOT NULL,
    "userId" integer
);


--
-- Name: posts_id_seq; Type: SEQUENCE; Schema: public; Owner: -
--

CREATE SEQUENCE public.posts_id_seq
    AS integer
    START WITH 1
    INCREMENT BY 1
    NO MINVALUE
    NO MAXVALUE
    CACHE 1;


--
-- Name: posts_id_seq; Type: SEQUENCE OWNED BY; Schema: public; Owner: -
--

ALTER SEQUENCE public.posts_id_seq OWNED BY public.posts.id;


--
-- Name: posttreads; Type: TABLE; Schema: public; Owner: -
--

CREATE TABLE public.posttreads (
    id integer NOT NULL,
    "postId" integer NOT NULL,
    "trendingId" integer NOT NULL
);


--
-- Name: posttreads_id_seq; Type: SEQUENCE; Schema: public; Owner: -
--

CREATE SEQUENCE public.posttreads_id_seq
    AS integer
    START WITH 1
    INCREMENT BY 1
    NO MINVALUE
    NO MAXVALUE
    CACHE 1;


--
-- Name: posttreads_id_seq; Type: SEQUENCE OWNED BY; Schema: public; Owner: -
--

ALTER SEQUENCE public.posttreads_id_seq OWNED BY public.posttreads.id;


--
-- Name: sessions; Type: TABLE; Schema: public; Owner: -
--

CREATE TABLE public.sessions (
    id integer NOT NULL,
    token character varying(255) NOT NULL,
    "userId" integer NOT NULL
);


--
-- Name: sessions_id_seq; Type: SEQUENCE; Schema: public; Owner: -
--

CREATE SEQUENCE public.sessions_id_seq
    AS integer
    START WITH 1
    INCREMENT BY 1
    NO MINVALUE
    NO MAXVALUE
    CACHE 1;


--
-- Name: sessions_id_seq; Type: SEQUENCE OWNED BY; Schema: public; Owner: -
--

ALTER SEQUENCE public.sessions_id_seq OWNED BY public.sessions.id;


--
-- Name: trendings; Type: TABLE; Schema: public; Owner: -
--

CREATE TABLE public.trendings (
    id integer NOT NULL,
    name character varying(80) NOT NULL,
    "createdAt" timestamp with time zone DEFAULT now() NOT NULL
);


--
-- Name: trendings_id_seq; Type: SEQUENCE; Schema: public; Owner: -
--

CREATE SEQUENCE public.trendings_id_seq
    AS integer
    START WITH 1
    INCREMENT BY 1
    NO MINVALUE
    NO MAXVALUE
    CACHE 1;


--
-- Name: trendings_id_seq; Type: SEQUENCE OWNED BY; Schema: public; Owner: -
--

ALTER SEQUENCE public.trendings_id_seq OWNED BY public.trendings.id;


--
-- Name: users; Type: TABLE; Schema: public; Owner: -
--

CREATE TABLE public.users (
    id integer NOT NULL,
    username character varying(45),
    email character varying(255) NOT NULL,
    password character varying(255) NOT NULL,
    icon text,
    "createdAt" timestamp with time zone DEFAULT now() NOT NULL,
    "editedAt" timestamp with time zone
);


--
-- Name: users_id_seq; Type: SEQUENCE; Schema: public; Owner: -
--

CREATE SEQUENCE public.users_id_seq
    AS integer
    START WITH 1
    INCREMENT BY 1
    NO MINVALUE
    NO MAXVALUE
    CACHE 1;


--
-- Name: users_id_seq; Type: SEQUENCE OWNED BY; Schema: public; Owner: -
--

ALTER SEQUENCE public.users_id_seq OWNED BY public.users.id;


--
-- Name: posts id; Type: DEFAULT; Schema: public; Owner: -
--

ALTER TABLE ONLY public.posts ALTER COLUMN id SET DEFAULT nextval('public.posts_id_seq'::regclass);


--
-- Name: posttreads id; Type: DEFAULT; Schema: public; Owner: -
--

ALTER TABLE ONLY public.posttreads ALTER COLUMN id SET DEFAULT nextval('public.posttreads_id_seq'::regclass);


--
-- Name: sessions id; Type: DEFAULT; Schema: public; Owner: -
--

ALTER TABLE ONLY public.sessions ALTER COLUMN id SET DEFAULT nextval('public.sessions_id_seq'::regclass);


--
-- Name: trendings id; Type: DEFAULT; Schema: public; Owner: -
--

ALTER TABLE ONLY public.trendings ALTER COLUMN id SET DEFAULT nextval('public.trendings_id_seq'::regclass);


--
-- Name: users id; Type: DEFAULT; Schema: public; Owner: -
--

ALTER TABLE ONLY public.users ALTER COLUMN id SET DEFAULT nextval('public.users_id_seq'::regclass);


--
-- Data for Name: likes; Type: TABLE DATA; Schema: public; Owner: -
--



--
-- Data for Name: posts; Type: TABLE DATA; Schema: public; Owner: -
--

INSERT INTO public.posts VALUES (10, 'olah isso que legau', 'https://www.notion.so/bootcampra/Ter-a-24-01-Trabalhando-com-branches-pull-requests-Planning-e1b96e16a2d846bab4528ad425ddb343', 10, '2023-03-09 19:55:28.846238-03', '2023-03-09 19:55:28.846238-03', 1);
INSERT INTO public.posts VALUES (11, 'olah que massa', 'https://www.notion.so/bootcampra/Ter-a-24-01-Trabalhando-com-branches-pull-requests-Planning-e1b96e16a2d846bab4528ad425ddb343', 15, '2023-03-09 19:57:12.492562-03', '2023-03-09 19:57:12.492562-03', 1);


--
-- Data for Name: posttreads; Type: TABLE DATA; Schema: public; Owner: -
--



--
-- Data for Name: sessions; Type: TABLE DATA; Schema: public; Owner: -
--

INSERT INTO public.sessions VALUES (1, 'fd33ca99-e016-4e3a-8932-0ea01ee79eee', 1);
INSERT INTO public.sessions VALUES (2, '078ed7e7-21cc-4a50-82bf-3af136f77872', 1);
INSERT INTO public.sessions VALUES (3, '93897222-d79a-4d32-bd97-39d0d27065ad', 1);
INSERT INTO public.sessions VALUES (4, '1766bc5f-1b2c-401a-959f-fc8e16658292', 1);
INSERT INTO public.sessions VALUES (5, 'a921a5a8-273f-449e-80de-dde110ed8616', 1);
INSERT INTO public.sessions VALUES (6, 'ea2f0714-77ac-4112-a194-92099292c4e7', 1);
INSERT INTO public.sessions VALUES (7, '0a920818-bd9f-4a9e-aaa8-de3acb73a32f', 2);
INSERT INTO public.sessions VALUES (8, 'fc349599-2774-4fd2-a1c8-8a5a6e9805c7', 1);
INSERT INTO public.sessions VALUES (9, '801c3e29-efbe-4a7d-92ef-30cba69276eb', 1);
INSERT INTO public.sessions VALUES (10, '375683d3-3a14-4c88-911e-93a4de60d725', 2);
INSERT INTO public.sessions VALUES (11, '59ad37fb-be5c-402d-b2f4-e0bb7821d943', 1);
INSERT INTO public.sessions VALUES (12, 'b84c3f12-d41d-43c9-bf06-b4f711e2cc04', 2);
INSERT INTO public.sessions VALUES (13, 'df2eac72-1217-45d1-989c-0b0f1cdcf860', 1);
INSERT INTO public.sessions VALUES (14, 'a6597652-ff30-448f-9deb-6d3fe6277428', 2);
INSERT INTO public.sessions VALUES (15, '7533a8aa-fbb0-4ce3-98b0-f07914bccf84', 5);
INSERT INTO public.sessions VALUES (16, '43c52161-bb01-49b7-b382-9dd3e6694873', 1);
INSERT INTO public.sessions VALUES (17, 'd8ad3e83-2a22-48bd-a789-2eb50ea1a8d9', 6);
INSERT INTO public.sessions VALUES (18, '0f0b861d-32cf-478b-8c60-9753d038197e', 1);


--
-- Data for Name: trendings; Type: TABLE DATA; Schema: public; Owner: -
--



--
-- Data for Name: users; Type: TABLE DATA; Schema: public; Owner: -
--

INSERT INTO public.users VALUES (1, 'arthur', 'arthur@arthur.com', '$2b$10$uPY6xYaq1bmOK0YbSPYOOuN6Sdi75JReNV1zi3svx4VHa5Rd5tIha', 'https://www.correio24horas.com.br/fileadmin/_processed_/5/0/csm_Tyler_James_Williams_todo_mundo_odeia_chris_ec513f6546.jpeg', '2023-03-08 19:58:24.043687-03', NULL);
INSERT INTO public.users VALUES (2, 'fabiola', 'fabiola@fabiola.com', '$2b$10$5cLHBPac./AukCXbA2hz..9frPkIAmex/MIR5j/nXtrh7UNH.BVeC', 'https://uploads.metropoles.com/wp-content/uploads/2023/01/19110456/fabiolagadelhaoficial_310711756_804787867307996_1147549395885733614_n.jpg', '2023-03-08 23:10:13.655961-03', NULL);
INSERT INTO public.users VALUES (3, 'arthuro', 'arthur1@arthur.com', '$2b$10$9W/ohKH3.cqixcN5yMVSzuN/wAgJmtUEMVpxJA8MMRMckyRwVw0sO', 'data:image/png;base64,iVBORw0KGgoAAAANSUhEUgAAAIYAAACGCAMAAAAvpwKjAAAAkFBMVEX19fX///8AAAD5+flNTU1KSkpQUFBERERYWFj8/Pzv7+9BQUHp6elcXFxHR0dTU1PR0dHb29uVlZX/l7jAwMCAgIDIyMijo6Nvb2+ysrKKiorj4+NlZWV3d3c6Ojqbm5smJiYMDAwvLy8WFhYdHR32w9T3oL35mrr8j7P0tcv88/b77PH/tMz/3OrypL/40eBY5CFnAAAJFElEQVR4nO1b2XajOBAFawEkxNaA2GwSZ+vpTE///99NCbMvwkmcmRffhzmnHam4VJVqE2MYd9xxxx133HHHHXfccccYCJktHHRjyc7VkpEZ5on3fDg88SQPHUe/GCGnFe048A/tYscByeTpcHj2QLKpW4yMVACFDs8iNtaJwPORwcogzmUdFUVUyzwOSgYvvEHGMeLrJAPMAB9m4OmSNyjXTWWR+Ra3iOcRAPwX/uFnhUzdNZWbqTWXjFNz/Q1ZMl+qkLGJVAQUInHyCMbNk0WmUImGE/zmnUQEVKZ7jOOa5CNb0Rxyydraw+Hk9qsRYnEiCKYEiyqRaegydvkLY26YyqQSmFCMRRKzwTrIPa1L9twFD4ed19ceDg+l0yoijISFqXXK8sA1V+EGecYtjC0RhWa7zX3Yknye62OT8YUHUk6WVryRH6wzGBAotphXqXJDDQvgMdOHU22vPRx8OLlxBbbwj6mxR0LBSBMbrFPBeXCETnI1OS9Orlt7OMggsyixZHkNhwtKaRFqZcGO5HzEAxn6tU8ni3oih1Dl7D+/h5MLDxzpSS975B5OrV158m1sy6usMYUhYaOv8TpANKiDcc26R2L7VvIBc4zhFty3yaPuHVlvk1Sz7Axi7PRzJBQCAa9x1jwg7tRhrga5lqztexH7PAuwTE18W2OYrAvqzuaiRwtY5F8hoRATalubhjm1PorKrQDziG0swq+ygMNbERtv8WiCo6IRbKx4pDY+fuKALGEkxKZbPAKk9dAn0MUR7T/jGjhH0MdGBIlbGvGWRbzkI+FKz6PwtuwSa7VBbFLcSBcXHiBw9UGpzje4TbOb6aJBhu21MPnY+YZ7Xv7xLKi4iXcOMCoqVp7UnRTDXJJ8sH1afiiRXQHX9+1lbOBd+DKLxd+ozePbclBIwdKLRyUdDRQsHQMnt2dhmhFZhvV0yPT+wiTVjR3jAlTRuVnwUHDMiy9ie1/IqToE3vzUjssv5zz+y9mm32IShYLak2c9jIvRqXf4Nv9SateBcX/iAemkNHeisTJw9F0sTLPGY3UUs04WDR0CJMNPlnzXAILH0CmLRdtmdjweBC6+j4U6tKI7LGKlT0dtJ23Z3g0qnW2ExG7b+6Ox1ktfju0T9bMbJtYl0NGnT/OjOvFTI1EOSr5cfOqRe8pJE7Y5Z0GOq8LtRrd+Kxgn24tc7fwLmTYV38vCNCGia2dfKo4RUn83jZyQYGdelxP8TelkQErIlnt22ojwd8auC1wfRztGyahYqblYmtdRJOMPMHRjGUV1nq75e0UzLQ1kQCE831RK0o00n3B6XWEY+F1T8uwthzNHaq9FroEG4/NI7ibTLie7Ivka2WTL43wsEWG+NowcaJQnIic7lmXq465lVoZuxUSJOTmVWhohnzTwoTcS1WllL7z1Q5uxGvk4T8UeD7U0Au6NKvJgeK0sLcMwvmThhfdMcZmWiDgMyyDrO7HnkdzU4trAATSsYflQkpHSdOsKZzJv3lTbOzS7zrk8kqqGbXYvZIhHwS4Na6AR9gIq8KrO25SZiI6GmoPypNUC+Pvgrv1cd5/G4BuorxmhMh2m+s14QNM9OMophvrqaBq9f3ndtniPxshFhyFlPFIMGFlvlbRdMqhgGBh0sWDXRd1Tl9lYv/mMzAkPgKZkno1YwRDOcJfSnjFJTsvLgzGY1bUoQ6mufpg1/ZpidRponsvJT+2+AltMx8KA5r9qVhrDc2uTBbOR5dU0DlngjhT0cPGOjFZ6FijBdrN01D/V5qLV1tCI5mvTsZ2aQ+sInOxkWIn9cCYNnH0uWlOtLgZpbKyghn/pY7lDI8akOQajW5AHZM6nEppwjmZLuYlGswRfLUkJjndolPiSYsd3kPnEKg/74Wt8YOOJfjzVe0QYazObmgpeaKBx+w+5bLCR6jG0wTxVc92RFdj47pMrxyswTndoANNgrg2lym4CEoGGqY5Fo45zR1tOzAstodJGgHeLwMq/FIHTG7IzUJNJVuT5437B4apwn8vimEjHDM8TQY1vOIJWehqMt+FLTnYfHkVelqEUF1fZQeMMtgzKMhezkevlpCd0p/oKeVt9lYctJLM5JYvjeV24iB09LsWPJNeWPZs3orN0cqkn7NkJ3rq7a6t+SG27ZU9bnWyoY1qp9j40bzg3rj3bSvAj1ZdcEfO86OjaEPE8/z04azS5W2+4o8p8ySNaNilyXUmr2/vmON9J9Mjw+/GwA7XaWMipWA3hQeb72eq1PYsms3g+aDLBvrZdUhm2bx4d04j7gdhxcRx6OJuNHEuTfsyVG/0J28+wqqNvXu395fXHj7e/fztlkAbhFybXRhikaYh+//3248fry7v6CaLoXkfvkianvMAmhZ///NI+xIXzXxQQb/Qt1Ps/Py/y3v6YalJM9DWgYYDdOIhsWQCPP/qXlVUV56JacdEx/vzs5L0BdY6T9e96RuoIMQV1vHQs3t71D7gO7/1rvShlUG0MvXhHTVQg/f3X69vb2+tfeptcjV8vr28/QNxvB0IoqfWe0aiDCSqUpX+9v/+6EQnzIu5diXNBvDavdTwCTqsb37INcCqqj6A9IMjd6E58CeOISb7nn50+ao8k38LDSIhXX/3Fo1Nz/B2XbUaF+RXuOdhFEurvft/1UQQ+hcR5PQsV1DGmOzHpo5B0N4gveYSYWMcbXqyEmUX88IMsVM6PLMrXk/vH4RYcW5E+u2/wQIHARMgbXEIyKQgWwc73tVtwmOTYo18lwiT1MJfb1zi7CnFYhAnhSfDpay8UJJwQHLEvfSCNUFnbBONKlp9ggkpZwWvYdflJe4yImG4uwDbWUX7w3IQSDgfmInd37pKuhKM+RAXVcivJg6schQV5Yqkd6iPXT/vEAgixtFD69ajIojh02YaJEHPDOMoEJeAQVZGyL1tjzgReEbQMaiYWZJxjUcs4DUuXNXChco5lXRwhazRLrEyC4m7MoWXigOPnRUa51Xzg7XF+6sHbD7wtTrMih6N16/93YMJEfW4PepfFMauETbHXAlNbVNmxkGCx7Y/vb8xF6cUAS4SqCYnTFFoZZR9D6eC/YDClowj1+EzCuOOOO+6444477rjjf8G/hvijMe/UVKsAAAAASUVORK5CYII=', '2023-03-08 23:58:24.085598-03', NULL);
INSERT INTO public.users VALUES (4, 'artemis', 'artemis@artemis.com', '$2b$10$dgoH8NOmyqM2COHOiF.w5OvT2xO0OC8hZlKgEpEX6PD0NH/TR5Leu', 'data:image/jpeg;base64,/9j/4AAQSkZJRgABAQAAAQABAAD/2wCEAAkGBxQUExYUFBMXFxYYGR4bGRkZGBkZIRwhHx4eGx8eHCAcICkhGhsmHCAeIjIjJiosLy8wGSA1OjUuOSkuLywBCgoKDg0OHBAQHC8kISc0LjEwMDQuLi4wLjA3LjEuLiwwMC4uLi4uLjAuLjAuLi4xLi43Li4uLi4uLi4uLjAuLv/AABEIAPMAzwMBIgACEQEDEQH/xAAcAAACAgMBAQAAAAAAAAAAAAAEBQMGAQIHAAj/xABDEAABAwIEAwYEAwYDBwUBAAABAgMRACEEEjFBBVFhBhMicYGRMqGx8EJSwQcjYtHh8XKCshQVJDNDkqJTVJPC0hb/xAAaAQADAQEBAQAAAAAAAAAAAAADBAUCAQAG/8QAMBEAAgIBAwIEBQQCAwEAAAAAAQIAEQMEEiExQRMiUYEFYXHB8DKRobEj0TNC4RT/2gAMAwEAAhEDEQA/AFiLEGJAO8welo+RmtYre9ZCa+22z4W5HFZiploGxn5VhEAgkSOWk+1ZKzgMgitFpqdCbzExWFSQBy0rBE2IKUVGpNElNT4ThbjphKT7VkjuYdAWNAXFS01CpNdF4b+z5ShLqstMHOzOCaHilZG2g0k6XNr2v86UbWYVNXf0lBNFlqzQnJlMyYSCSbAak9Lampsfw7ugAojvNwIIT/Cr+ISPeNq6GtWGQSphkJUNFRJ5WJnKOZ5ecUpd7okjukQQDAbQRNhJsDck69OYrHjbj+kgTYRVHWzKzwB1CQpKywjfO6044q4gpARqkixEjWb6UMpLqW3AtQyKUp0KTELSogJgm4GYxvAN9IL/AAuIabdQcjXhMFSUpA5SDFtfiM7HqNMZwlpLCyW1sJQrvDnOb/I0C4TClT4ilIMzeKn63yPu5qvr/FRjAd3A95QHcc7qVIhFhlMwIiNdPnfzpO45mMn4tOmkVZ8WXHG+8cUIiwB0TsBoL35TNIQ13hMJCYgWAuZ6dNaXbC52+pFx/HkUg/KRoUAUgEgAzMHy30pg4rS5gadKidAbAMSSddT9/wBKyhRUbQbXG4/melO6esVq3X09JxvMLEKfxCm0d2haVgwqY+Ex+H9ZF+hoZ1QhHeKUZBywbIEkxBmATJgc+tG4LhqjClQhJEhSoIHIqTdUHaRB1nmAtSsxEpBCr2yg7mQDp9zQ8rbCdpJM8vMheIQrKlIIO5gfQ2I86zhhmgqEgRYaAco51IpxSpkiIg3ka69T72rUqQACCZNlTpIOwj7vQ8d7gzdDNHpUlZVCcsTpc9JotllSxASbmBAtP9thQaL6VOgkHkaqeENtLwfXrFWkCszalJUSTEC09anmUIkkbTO8X/0xRAmCo6bk0OjxpcCTeSR6qBP1PtS+XH4Y633/AGMIj75f0pqQJrKBUiU1fup8jtvpNAisFuiAivZa4anVSDiRMEiRB6jlWqWiTABJPKiSibDWrl2e4E2y3379gLwaS1GdMKlmj2m0rZ22iAdnOxxchbth9+9XVrDs4dMAAHa0k+UX9qWsYx545kw20LAkfMDQnztbTQ1G9ikgHVWYwVEyoxz/AEGlQX1GXUmzwJ9CunxaZaH57zTi/HFRCE62jXz0kW9flVN4o48ZKlwTsCR6W1G/rRXaHiC0LKG/CNZyi8+Y0GnnOmlV7F8ScUmDE/mAAJGoFoHPbeqGm05UBgBz+8l6nUByVs8ftB30PE6m9viidt9ot/ehHi4E5c9p0trv1FZUbzA+96HcePz8vpvTpHrFU+UixDp+ImZso8iNZteRf35Vu3w9rM8t5DjjZJyKTJBCSRm65jM6gSY0rBIJIMAKgcoP4T0HM8lGpnuKuOKbQ4sJbQEJyEEIhMDxJHxExpHSks+HxOD2uPY8hXkD6yv8RygFISpSFAEaxAIgA2ga8jatsEtA8CUAWEyBPqRvVp4/w3wNKQlAKUlalAmVJKviyXAgwLD814TVZwuDbOcAklWaRBJUCCCQQDcTNx1vpSuN2GQ1zX4KjZCFQL+ff+YPj8FKZTca32P8qWsYfLYA5lWHUzokbmfqKaOIKSAb5ekesSffrRnD8U7hy6sKIbWmciSm5sASJ8JBNt7jW1GzFBWSuZvG1eUmZ4s+ISAhBySAmQpMpUpAyjKDMgEkmFgkwJpO+QCB3hGcAub6wqTeD4rweVTPOZx3mcJ0OWwJmxHh0Gtxa0G5FCtMwFLUoEEQAVSQZ1F5nzgGTSoXmwPf2hRJcVh0JSoJUCsdAAQeUGx6fOhcQhMmPEAJEjpN/LpRSXs6CCluZ+IlWYaxfNATtpvc0K26kpCIyqBOZWaxBGl7j05npHFyEGieD9P5ngJkExaBbWbi21hWcO2rLnSLWzJ89I62NbNipmhJyg+LWN/aqHhgHcTBF+1SZCgpPMGpuGshLgCdCNPKZ+o9qXsrKV5RpM6A2IBgTO8+1MHFQ4hUEfELkHUA7AcjtWWypkFVyOCfrB0VNe8vraanabrRAohtNW2M+cVZLicOEqICgoDcaHymhyKKCanwGBLzgQNSf7+VLl9otu0ZGHc1KOsY9k+EpVLztm0adTrTVxleLcBVZoXSkaBOxO2Y7cvStleJYYQR3SALCPEZi/moachtVjweGCEkG51PUn9NvSvmNTqDnyX2+0+m0+nXBjrvEvH8UG28qYAAgAbDT2iqbjeJKULWnX72pz2ldzKIJFtqrriLR+lV9LiUIDI2sysXIHSL3kUI8mmDiLUM6npT1xALFriaDdFNHmjpF/s0E+iK4YRODFqk17GiQFDyPnsfUe5CqkdFRtkTB+FQg9OR9D8p50Fo2nMMXxhruW0KbC1hOVSyLpAWnKlPQNpUPNwnnQOJLK83dJyoA+F1d1kzoEkCOevzig324MelQ5aWOBSY0GNQ1KAtKSk5Q2AFCZJur4BqSBG4gJPOxXF+BIe71TbhUWSEAxcgA65ZSkA7zJKiLmBSYoijcNxQpaWysFbarpGdQ7s80ahM72vzoWbASpA5+X+ptXo3AFYBXdSIlJNgItOxmVnUm1CdxKVHMLRKSozB3AOo8tLU8cabS00tDic1wtErUrzJIgCRMT70HxRSsmRdkQe7yhKRZRCvhHilQ+Iybda4ABjIA+XMKjEnmKmwlOhvG+saa8qhUxeUmi22chCicuZPhVzAJSY9QR6VgCRXkxKwoge00zUYO26onWEzBMEn+9FsNg+Ip3tNz0rLWH8JIFrTffn7UyxbKUNosUumRkM33S5B0SBrtKfOugeHy5v5TLNu4WCsjxKPIx7CD85qTHDwTuII94+hNewrXwoHpRa0Qcsg+WnzFNKoZDjB5q/eKNkrID2+0vjYopAqBtNFNJqk5kpEm9W/stg+6aW8RcJJHoJ+/OqvhGcykjmavnEE93hFJi6khHquE/r8qjfE821Ng7yv8Pw224yHgHDAg97mKsyEkeZmY+nvRnEHsgJmjWGQhCUj8IA9qRcfct6VK0yWwEfzOQCZVcWrMok3k76+9ArT00P36Uc42dY10rbDlJMATAOsyf0jpV+6HEiFLMSvIgevyN6CeTTvF4aQrXnHvS5xsTrb79qKDcAwoxQ8SLihHb3NM8RlnmPkPSKAxahtXiZ4dYKzg1vKyNpKlHYfUk2A6m1O3uANMoAcSpx3VWVQABgHJfWEySbczawVcJxgZeS4U5gNvofePnVg7e8PAKTh3QotKJUnNN5kxGgBt6X3qVrdScbKPWU9JpvGBrtK8rB4Y5Q9/tDTnwnwJKZ2MGCLWjMdKUYvhS0grT42wfjTsOak6o8zbkTRPFsWsOnKo5TY+RPLoBMaGBzrbhfEAhRKkFCxqtpSkHcHwg5YIJuAJ3oaah/rGHxKIiUaxFdD4fw/A4ph9XdKGISkqOUECQLlKRb0HOapKeFvlsO9w5kIMKCFEQNTMaDnTmLMHFwDKVi1Vr0fh1oUgpW2VRJEKIIt6jmdvOluIF6ZcDU34w5AOUkKJNo2SkC6idyYGvnstQNidPSxIEIW94YC+6TMFQHgBkxuSonQczStTuVZQAcsiBF94n0NMOIcKcZyFweBacyLpJg6Hw6De96EdxHjJUIm8hPxHmYGtKX0a659I1xVAQ1koCFApJWTYzASP1M0vTiYcVnm+hj6RtRjCZi4EnewHmalW0Dayh5Uy+nXIwdD5ouH2WCOs1w6k5yoKCrRFiPO1Fo+dL3eGIOlj0rOCKkOFpRzAiUnpr9jYgiu4y2HJTjr3HrMOqupKnp2nUkUUyLfTW55aGg0GiWjVPIOJMTrHvZtnMcykLkEAQUQb6XUCTAnS01a+NPylsZVj96ifAo2Bn8IPKqr2TUS8mCYo3tap0upy5oCh4Qcsjf1i/pXzevQnKFJn0OipksCpalcQbiSsJ/xSj/VFV/i+ISs+BaVf4VAz9aiY42+2iO7K4tJ/obikmP7SMLP/EYdwcyIUPYp/WlsOVUbmFz6dqoRo6UhtNiCNup/WkyFwZAHqTUrWP4eseF0tn/AE/6SKjfXhP8A3QnqlX8zT2PW4hwT/Bk/Josx5A/qYxuLScpE22O/9P60mdPWm/8Aulx5ILK0ujmgp+igDS3GcHxSPiaX/wDGT8wYp7FqMTDysP3iGbT5QfMp/YxQ+KCfRarTwfsu9iAoyEZSB40qE6zFtv1oh7sK5kUMxLgNsuXLFtcxSoG+onyNdfU4lNEzC6fKRYEpfDsOlbgSo22F/GbAIBGkm0+e8Crj2uwiEYdIj98RmWdCVESfLlFVN/AvMukKbWlbRCjAmMpnNabW10p92hxyMQ4G2XE3hKM5WOgzHKfcmOtR/iaM7Kycj+pd+EZERWD8H59/lKLjnghtwFUktqCU5iVSY8fRKQLT50DgMV4BrmQQLjbQa7aA+SaP4xwdxlSUK8aiVfAQrUCCkpnlPpWOGdmcQVQGdQZVKASnckKWAgjW4EQKXWwN0M9dJO3xpbSSpBKSR+FUC43BBEep6US52oeLKSXv3gMKTkHwaTnuZ0gERc60bw39nDjzXeDFMpSZHhJULEgwQBcEEWkVFxXskppuTj2IH4Zcv6BEmPKtpqFBoHmDGnbqBNeH8OwTl0JedV/6feIHtCJP3rTBngzJ+DAX6vFR9s/6VVmOCrsRiWDf86h6jMlJBHKrhh+G4h5lMY1lLiDYjE+FQ3zJEkK3Bi9wReQ2mqs0xqLZNO9eWVbtk6pT8LJOVIEKABH8NgBaw0FJmggK8aSpEHwpIBna5mBOtv51auL9mHFEE4rCrVfMe8WST55KFY7MlKV98CmwKHULQW5kCFTuSRAKknkDToy4mXaCPaYXHkVQWBlXSzmVmzi2iTJnpbS2/Sn2CwiDdaigGcptsDM+sQeip50A40jQzmSqFeIGRuUmBHkZ19KC4gyvRJJE2EgW1v1+9q4VOFSyXOGnIBjZbcBMKBCk5rbT96/ypXxglJQsDSRPnp66/Yphg8S4RC0gWjU6dBMC1t/StsThO8QU6XBB6+e1poj7s2C+/WCRhiy89JfkKvbSiQoRvmnnaI5c5pe2qiEqqs6yYDLN2PX++FW7F5f9rZ/Nkc/SqJwTHkOtybJsOkmfrVw4lxBLeIkpJPdoy2mJWrN/418z8VUhwTL2gYMlD5x4sxVT4w54jISR1SD9RVuVETVf4rhATOpEevp7TS+ApfmFzeXdt8poyrYrCsK+LDo9JSdPUfKlauCYf4hmT0GU/wAuXKm+NQUk8vObbT1pctwxG0/f0qkuiw5ADX7Sc2vzISLkBwyohvEqTyCkx80E/MUE7g8dqhal9ULKvobUY+gz1oTEqBgg+LeLVh/hWPqhr+ZxfjOTo4v+IKrieNZWHM7gIGU55IiRAIOouaw92kxi1+JSkpWYtMAZQkwT1CvuaNa4ooKAcWtxs/GhSlEEbi/y8q6MMK0toFsBSVX2g7yORmCRzFCyIcCgMLhMGp8fIdvA7icVaS+0Skum0qKTKgqE2zJPhIsBB2BG1uj9jeIMKbbfKWkEWWlLaElKhYyUpkp9qTduuDhoLdRYLQTrrIk/UmOlc/wDi0EKbWpJuDlmQToqNweX9qDmx/8A0YwVO0/nWPI4xPtIsfnSX79o+N7xsLSY7paYWDqlYVIJHVOm8A71TsFjViQ6y3kUkhZIU2sg2/CeoABTBtR3G+JOleRw5V2lpASIVETKfPqRmImg2cIXDH4EXURvtbz0H+Y9K7p9McaAMZjU6hHbyipE5xTu2HGhKW1KK0pzXSZ5j4kgWgxJJNLGse1qtDijzzAfVJ+tacWXnVA8gBtH38qsmB/Z28WS86ciQJIOo6EazpbreNK1kVUNDvMrmJW2iA4nDnRDgP8AjB/+tDKWPw5vkavHGew6cLhziFqzwUjIkFN1WuozEeVLMdhktKQUoHdOICkL1VBE3nw5gbEAUMml3XwZrfZqqiPB4V1z4EqPU2Frm88tqkGO7sGHM8gpygKgggghRUBKYO0z01otzCqUsKS4c4IKTJMxcZTPhVF8u82qZzhKX1Zw42yf+qFyEpVoFCAYSowDMBJOoBsxpvDJO/ip5t1WDFOE4ggNlC2EKP4V3ChrMxZXyiomo212phxHgCm1pQFJUsyCAREidCYkECQIBvFzqG9g1txmTGnK89dz0qmuTE3ccxR7mi8R4dDmm/tbb9dxyvG9iHAUphRGqsotMGL6b1G/iw2biSQIExz32GlMA+SmUFJJ/LeL6Cf5n60HJtbcm6corTVxLY2rfai202kEW1HLQT7mhMHjVoEJWQCCCNRcQbG0xvWyF1XIYyXuEPCik9QdiD8xY1dVLznDYmJTGRfSLyfvbzqgpXV07D4sONuMKOslPrrUr4pp9+Hd6Sj8Oz7MhX1l1wqvDG6be2nyg+tKu0T2RJIFyI09PpWOC4o5u6V8afCrqRoryUmb/wAIojjuFzoPlXz+lIsBu3BlXMDRr04lIxuLzk2Azf3qPFNZVnxSYnYXnQDz25VFi2FJMHX70rTFMqiSbxIOkxaD1/rvX0I2qRtPE+bdma9w5guIn4j+KT9CfqKXO0diVb7XtyO4/X1oB5ck00OREW6yBaQd6K4N2hdwyrHMgnxIOh8uR60EDQuIoeRAwowmJirWJ0PtY8jEYVpbZlJJjmLTlI2IgiuQ8WaQCACoK5gT6EHUV1TsgG38CWlEZm1m3nce9x6VzfjeESl1ZKlBIVYRIVyGo8O50tykVORQu5PQy0Mm4qxPJEg4E2kupQqMytTGWExOgJyyPlPMVbUONqbUUCG0zbdVyMyv8oEctOdUfDY1LRUUkqUqxURFtTv9xWMbxBahCZKRaRYDynfrXGSzcIwY8AcGWDsJhwrGBZCVZJgKEgqI8PqDcdQK7Jx1IKG2QICyCofwi6q41+zlqcQgn4EklRvGn1iL6e811p7GJJXin1BtlNk5plUaADW52Fz7UtqASwqFx7Rw0g/aUoI4a6kiSrJ750x/OqJ2ZUhbLLT12ld6hV7pKf3qVDkRKh61jtd2jXxBfdtDIwg5lKWdT8IUqJjWAkSTPkAFxp0YZtDSCc4SRexTnBkqGyykmBPhCxMm9M4dP/i8Nup/iAy5byWs24pwUsPKQCFggEA2CwdPI8iNDO01loBUKS4pE+FSwmVAT4kqGsxtInc00cdK8A06LqSAgzeRlk67yPeluNUEOIVNnISuPzXCV9CQL+U+YE012h5/OhjHijqRwesTdouHLSkBt0rbPwZkZVJ2g2kjkRbkDrSTBsOrWlBJWqMqACTA6DYVfirvW1suKJBTEEkhMXCkzokRccp12prry0rBUT3iMyLmYGmXW0eIcjm9y49JtAZRZB9e3rBO1WO0X8WYhaEEAlSZBsYIWpJE3zCEk25jldoy4REHQQOg5eVQd4cyVWzJ0Mb6z51ImqGDGQzFubgMrhlA9I/bVRmGcSFDOnMNwDE25+dLEKqdK6rHkSXdG4ywzqAZWkqgiwMSAbg+Yt0ovhXEu6eS4LDNoNhOnWB9KEPD3A2HlIIaJ1H6VvjMS2opCUZE2K1DxHMPiygwALjwzEgXilHKtY6g9Yanx1fB4I4/OJ0riTRcCMSxGcASNAoWMHrMe8U0wWNQ+1mRroUnVJGqVDmKofYntDkPdOfCfWrsOH5T3rJAUdQdFjkrqNlajqLV8rqtM+nzeoM+i0+dM+MGIsVZZSpEHY8xuJ13qv45K1uZxOVO5g5Y08J1HvrFXPiMLSVAEKGqTqk9f0IsbEVW8WgEG9wM3trNtIG4n3p3T5R1En6zCbo/WJltqn95EGINvK8dLe550K6wkKGu4Hl167T0FMDI+I5tgLA6xabc/wBQaExqcgBvCdZ9In0tvaqWN+akjJj7xNiUx08/vrS/EHUDamuJcEj259f1NLHyNp1+/WmD0g0WG9k8SEPnMsoQpBBtI6TyAVBnoOdFdtsClowXkBIHiR3ZUudbHeda04VwUuJUpWbu0nKopIlS9Q2k7RMk/wBCMdvOKKtnczFUnKhSiBta8ER96EznUO9gx/HuBAAnPEutuFUlCIJ+ICY2Ot/S4rZplAH/ADkKi4EpOuwKtPahcS0V+IAidJJM+VSYDAjvUIKozKSBYD4r6nS29Jf5Aaq/nLRoLc6H2f7rCsl1xaVLUmQgGCszbKNka+Lz9VXHeMvYlQU6qwEIQJCUjkBz6m5o7thwJOGeQlCVBCm0qGYze4MH0B9aT90TpVHT41I3yRkyknmNuFMd2hpcWWStRP8ACQgAbfiJJN4UoCLzX+JPqWsrUZzeKSdZJk+pmraqFMsNz8IClAclEp/T6Uh7NYAuugkSlEGNZUT4Ex1Vc9ErrwatzGaVrFy9cOwU4NppfhGqvTKg/U/9ppB2lwmQtomYyBU7xb3hJ9qvOJyst+M2bSO8PM3OUc1FSj5zG9UXtRxXO5O6JmL+NU+HrlBVPVWxpbAWL7oXNn/Si+8wTKkqnxZ1D3KiAfIAe1Ku1WCyOJV+dIPmRb6ZfWaMwSsrjSDo2lTjn/aY+UH/ADUd2qbzYPDun4gooPqD/wDgU4rbWA9YIMebMpyKLwyUk+MkDoJ+pFCgVMkU0sG8Yo20uOfpeND51KlVCNAwTBgRJ5Tp7x8qmSqmwbijrGyuJLLQaK1EBVhtEe8zQ2fSwt877/T0oQKqZpQkTpN7x89qxtA6TLu71uN9oR315AAvNp9rnQe/Wr52Q7WwA26fI1ztxYkxpNt/71lzMk3BBgH0IkH1BFAzYUyrsaE0+Z8LWvuPWd4eZS6ApJvFlD6HmOn0N6q+OZhRSRlVyNwRpIt4gLCNRyuKqfZztk4x4VypPnV8ax+HxiBC8qtRoCDzE7/2MgxULLpcmna+o9Zdx5seoXaD/sf+SmYpWUKi0jWOvS2lgdidRoYFgkJBlRI8VjA1gbRoNOfnTzi2GKVBK7LTKhA8KgPxJ5AE3TsY2IJr+JBmUki8mbCbTMHeNdyY605hfeNwk7PiKMVMU4xGVUC3mfS+89NagweGUtaUoH7xZhHTmo8o57QTsKcnhDzyxkaWQbA5coKdBc2iN594qw8C4bh8IoqxLiVPKFgkmECIInSSLTa1hRMupCpXU+kHi0zO3HT1hGM4d3eHQwwkqAFyBqTqTymY6AxXOe0HcKeUtxwBKQBAN7AAgcoIj0rpHGu1WUQw2CkW2V/pUYHUxXM+J9osRmUUKkKMkJVHyMgj0pHBvJJP98yi2FUI5/KiDGYhtyQ2coiLCbcgZsKExaAVJKlpGVIAgEmRMekHnWzrqHVSsEGblMj3Gn+nzrRjhqFueNzwTAOYAmOQ8R9INM0CelwgoDky28Gxa8Q2GHXC5l/5S1SSk6ZZ1CTYRoLHaomImJCUp+JR2HIDUq6UfwXgyWsxSs5QkzaFQAVEaxdOhmD7gJ++DrqnXfxLUopG5USSBOl6YxsKIXpJHDZGPa45YS4pK1BBz4mEMg/kHhzdYEC24H5hNn4Lg28EhJN3DIaHWPG6dha0myU+aqRJ4uRpCCE5SRYx+RJ/CN1EfDeJURSbivGi6SE2SQATFyBfLE2TN8u51PJNseTK1Hhe/wBofcAPLHHaTtN3kBskkHwHr+cDc7Jn/FaRVew6ApyJ8LSSonmrc9fGRHNKRQbZglW40+ny/St0rhBSNVG/kNB7/wCkU4MYUUsxujTBO+F506rhtAF9SCQOmWBR/HnP+EbRMw6NOiFAx0zTSZDoASBqkexOsfxGwnaPaTiL0pQiZjXzuqf/ADPtXdnIgybIixCanSK0AotnBrOg+/sUysy7AdYMhdShdCNry8jI6299999a3DlHVgOs6yQ1xUH4SmwMHyF789fWsocG86Wjn/KhV4gq+JRNouSbDQX2A2rJM/DJgSf19K5cyyC4SpwTaY617MSYAJPS9CicpVsCBqN5i2uxqM4ivEzy44cyjPPiAgTetW8WpBsSmocAyXFEBQBAkTN4vA61rjwcqXFLBJJEbiI1+9qyMlTYx+aOP/6R9QSlbilJSQQDBI28JOkgkRoQSDrVx7PupUt3ErQO5YBUlSQVBZIkAINwQLkEmPDXLGySQACSYAA3JsAK7n2NbDWHLEA9zCHIvKlJzri9xmURtp0vN+IOmNbAAJ9o7hVm681KLxr9p/fpUhLRbQRBEyr10BExEZT12qucK7YuISpsuKUg7LOe3repe2/Z4YZ1WTxNqJUkxfKdQRzT9xVFcBQrSUnTpQFGMKCBDqxbm+fziWXi2IUYW2sQb5c0R70tVxNf/VTmH5tFD/MPi9ZqQIw6ikhxafDe34uWtxMXsbm3NhhOGqDC1S0UqUANMx1uAbRzuNRXN3pB7wopv54iwPAEOJOZOhOhvsobHrpIFFv4MLhSSA4IIOmcdesfSKOwnAsugidRcpPQg+JPzpzguyaimJTAuk5rp5p6pnSb1rcZ16A3IYdw/Ek4V+QcwaKIGsKOUf8AbmPoaqbDpTMb2NhMSDYkEpMjUdatnDWlYdwly6VApWCIBBsaG4p2VWgd4yoLbJtcAjoZt7G/KjYWXm5JTJsbaePSI8G2XFhBVEwBtafkN6zjeHlClAXCdSDIovhiFhwIKfhVmKSADMCxJExA0Nr6XonE45RSUI3lSzGsSBIFjG1t6Lzc87sHoRBlrZKDR63sh8JlRTEkCydABykevuak4cuVKKjOb4rSb3JH9xtRJ1nIFxblrY3onGMZFlNj5felatszYVtROb+LkCBcedWt3GFhtpecLN/3ewsBJ67dMsUAxkZQtK0pWskADUpibhQ05QJnpF4eNOOqCc7am0fgBQUjyBIv7mhk7jX4ZhhvIlYSutw5QyVVkqou+UzjhQXXs1QtrF5nS0c+vSvKNp2JO4m0a++u9+Ve3z3hyYRe8W5a9Kz3gUlKEtnvM3xAklUxCcvny1mhC5US3a8XmhiuPOB8VDK7tpM2OYT0mrdxJhjENZWEjvZzHxDUybbq0iBzG9zQuG8PLp1AJHhm2Y8p61a+wvZRbuI/fkobSSMskFZTqBeQhJsVegvJCmcr+q6Imgl8CEcKw4CBi3W0pObu2QAIGQErejdQIgE6EE7Ag3s52uGGUFOAqZcORyPiGpQsc/xW5elG9q2ymQjKG2m8iUj8JMAiNpSD79apWFKHG3BYSZsLSNCOXKPapmVjnam6RgEYVsdp03tLwdjFsB1tQcTcoWk3SeXQ9CPSuROuhCi24kKAtJTHzFXfsOHkOfu/E2sBLiDorQe4Bsf7VN267DFJLqLpN43H86GmR9K22/Kek2PD1iGhTDr85QUjDTdBB2gyPrNELDC1IQnwAayVH1g29KVu4dTKjIsRR3BpUVFEA5TY9beHre0Xp7xt46CTs2EpySf3nQuzS0uLW06tK1hRDblvF/CSDvEj25Vbk8LYj96lSDtEj2O9c07JcaWhakLSSSkhJF/FsQDvf510/s3x7vU5FxnHO2b+tAybq4gcWWm2N/uDv8IUQQ2pLyN0rgH3Fj9aUN4RTJISlSQfiacBUg+RFwPOad8Q4qG1wppOUbgBHzzCp2OJ4dyIXHMZ5+YP1mtKzqLIsTzeHk8pI9/z7ytqwuFnM4hadgQcyRzyq5GbpJi+lBDg7ACktYlErtDgi3KRvYbVdMawhYyhQnqQfnqKrOI7M53MxTAm+X9Nh60RHBFg1FnwOG2ryPzuJWl9jHpJDrJ8nD+orOF7NPNKCu9ZEfxk/QUz4nwJxEhtSsvLT9aRv4R5OyqP4jkXBZPEXykQvFcEQpZW48gTs2k/ImI9qk4fwEOLysXjVayTAPPLA9KX8Pwq3XAg2BN1HRI5n+VdQwvC2W2glgiBvIJJ3JIvP3yoWTOw4nMSO12w47SPhfAWsMmZQFbqtPpoEjy+dUbtxxXvXciVAoakTzUYn0GnnNPu1LoaaJUod6qyRqepEaFIvvtVCxSgpUpTA2A2oujw229jcNkzf9VFCUoLrYKoWTXu8rYeXvDhmevFyhFPVqXK74k94cIW5ULjlRKc0prh+Au/E4nK2kEqUClUARYQSMxkZeczcA1ncW6TW0DrJuCIWVBQzFMwlIsVn8o5DmdgeorsnA+JJbV3juXviQ24oA63JSBySPckVyjA4wtqKhDcIISneFA5UoGpJJud5N6dMu9yphgm6ACv/Gsgn2ED0ovgDL5TEtSzKLXrOhcX4Wl5D5GigSY5pXCq5snBlpSUqEJW2FDrBP6E+1X93ixZbbTZKnlO+I7ZlQkGbEGEgz50JxLhKX0YeDlWGwQOcE2HUaEVO2EGzNWMilR7/Wom7FdoP9lWQoSgkAzteJHI6V2WEPN7FKhPvXCcVw/Kp1siFDT2+/ar92H40osJvKgkpIO5EkfKR6UDPh3ie0+bw2lZ7a9nC0pUJ8CtOhn6GqXw/hbwcBbF7lN4nLyOxBgTzIr6IxOHRiGgoWkSDuDr71y/GcMGHWVLkAkwuSkpzKykmJ1FrgyJ10GNKSFKHqIbWMXYMvccyq8HDgWlwZYKrKNrzorkfawPKr9w7BNueNKlFSbKSgg5yDqCedyVeVqrnZrHNsv5HAFIcKm3ELuIkZSbRvqOW1dER2dDIS7hlEt6hsq/NrlUd/PlTXigHaeD2P2k4aY5SWFfT7yqY3jq2lqbeGdOgzAynzkAyBa9QI4ihSVIbKQlXVIPvVt4szh30ZVjxAfiEKT06R7Vzfi3ZtSCS0uRyNj/AFpnGwK8rEsukKtTEj86S58J8cAuStP/AC8ipM8j0m8jS/SK8rtG80ozeORqstuutKBKZA5UyxGMbchYISSPEgk2OmqueuvMeYti2YwtqortOr8NwbrjaHHIVnSFZQbiRMX1jS/Ko8XgG/xEj0SfoYqXgWHBw7RLhktp3iCAAYpP2l4iwwhSlvocVHgbzJKydALHcxc0sjeaiYR0Zk4uz6m4DxDjzOHltlsLVPiUqwnSLaxy2v1pW92sfIBCW4OvhVr6qvaD61TsTxpIRnHiJmAYneAYm5I161EOMLse7hJEz7yRJ5bxFOh8C8UTAf8AzZmHI+0bcX4oVKzvKlRsJsIjQQLCfmetQ4bFJWYQJuRMiLC/z+hpC7iXcTcJhAvygAc9zN/W1MeC4BaFSY8UKAIuJBkifhvaPOt4M7s9KPL2hX0uNMVufMO1yrcM4h3YWknwrTBGUKBI+GZ0TOsX86CzUNmrbvKV8exRM+hjDh7xQvPkCwm5BBIiRr029aixWIC1KVlCZMwNB0++VCpdIm+uvXzrZtM6Ak3PoBJPtJ9K349rtExsG7dNloMAkGDMGNY1jnFWngHEwwy6leclChAQpKQCcw+ITmIIkajwzVWGUkAEgECSdjubXy/Oj2FhTAaT8QcUtXUZUhJ8hCvKetdxsC08xKixLZw1supww/dqT3pKzEOgiCQcxkpi8ogTPKaARiy5iio6lyfnQnZvGqXiWvCkKQlYBEgnwqgm9zO/QVIeK4jvA09sqboAVPUkZj68zzp3Bkoj6xbUIGBPepce2LxLDAGySPpRnA8d3mHQpasqmjCZOtgYJOhnMfSoMaVKwzTqBJbcEhKiFQfmNhI0oDC5cmUOlDTpz5SnNlMkAqIEkZCfEBMgiLTQcif5CJIVmVT8467Rru3iE3FkqO87Zh9zNE9nyhklajCVq8MaeIfKFAehNLOE4RtRcZW/lAIkAFaVCdAUgwdCLUVicAtDbjJQqUDMhUTmEiD0tYi9xG9AZRe3tNu5Pn7y7Odp2mVEZiUlUCBMDoOQ+lbcbwjWKQ42CkkgKBHIkwJ2vPlNUDAFTpWAT3gSVXvMWjnN6uXYZIThVqV4l2JO5G/yoGTCuMWOs7gyZsnJ6ckftOe9pOEqQ6ARBiJ6gAj6xXRP2acZ77DrbWfG3frBk/JYPyqftjwMvJSpIGYWn9fK3zrmvDsc5gcbeUi4WOYIzD+frWSBlX5xkEq26dZ4rg0vqCFJuRIULGOhHLSDOlUTiGDeS4tsXWg6GAVA6EHRXyM2irAz2iyMJcmfFlnooH2uPnQ3HsSMSAtuO/aBMAznTqR1I1jqaPgGRPKf0/1E8r+Ni33z6faV/D4xAJ71uFAGTlE+oIv96VpiW8KuFplNpUlSZjomAbfOpMTjkvIMAhcXJ+fmepIt1pQyAJJmwm17+W9O+EtEngxJdQ+3aRN8TxZtCMhkpBhA5An2i+3LoaqnGmG0wttchQIy2JTyib5Y/qdKfcU4Ul1pxaAA6kAqGgCSYBmPETIpTwvCJKVJK4cjxJiQlQM5r2EJiw5eyGRXyGjVdjKWmVMa+ICb7j1/8gnDQ3CkKClLcSn4RJTeJsLeWt+tTYLh6ysZhmTdIBlKgATeCfh185qbCIX3njNlSFkqjwwYg2gxGh157bYjGud2pZbCcoCVFJBIgiAJ0tJifxi+46qoACw6fL+4y7MSQp6139uIHxtSs3dAZW9bW1G5JiPaaJ4RjU5e7JM/mn4gPhHSBtS/iaFqyriULJ0JOm175ga0xPDiyQu3i0BkkbeIAHblWPEdXLgcfab8NGQITz9+8r2Iw60KKVpKVDUEQR6Vq4BJgyNjET6bVLjsa48suOLK1q1UdTQ460iGlRgL46SRBG8mx0MXi3pMW+lYLpIAJMDQTpvbletSrQVulOt4gaXvcCBG+940O8A93zNTyVxy9htRDDqmylYtrrB2gg9CLUIRp1/tTx8ud00txyEhKktQkG0KkGDIkmLjQkzYAsYQWDEdpliBwe8b9nwlzFMrak2AWkmSMogkb5MunID1KrhlnFLcJIBy8yTewpVw99aHEqQrKoEQdI8+lMU8ZgkpaSCZNyTBOpA29ZprDqBQJ6iL5MTcgdDLhwjHqLbqF+HM2UhJ11AmNgJ8zTzs2yUtloBKitB+M3SBJkX2N9DoT1rm2H4mCq6cs6ZTp5zr7+1XXD4BaQl5t3vSZmAqx/CDaxjxR5edHLeIeJNz4thF9Jh5a2DlQAFqPhuCYP4j1M+lN+H9qi0e6zBwGJckqCZHiEEeUx+W00rwOA7t1ailToUggGCMpUL6jYEj1nlUC3WWSpbiwtZMhCCCZ/iIsn69KaONdtP0iwPPl5MfcExQZxCXCD3azEm0Zue1jBPSrTx144fu3GoABJKdlA2IjyrkT3FnFud5MWgJGgT+WOX99auHBu03eNKafbK0oRmsfEAIHh/NE6awDrFJZsf/AG7RvT2i7G9vr6TouI4rlFhKJRrexzA+oIH2ao/7VsOM+HeSPEUXPPKoC/ooirFw3HNYhtRYUopJTIUIggwQRz0PrTbjWDD2CeGUE90qPQE/WkmCqARNYVfzFpRezKQ9hnmlfhAI6Qcx+QNO+zPC0d4lfK9iB/cTyqv9lB3biQuQlwX8lD+RNP3MYMK24SfHdCB+ZVxmjkNSf502mRihQHk1/qKkLhYEiwblfxKWm8SO6UQnNBNjEmFDSOY0g9dxnsPDiki8E35/KgGkGxp0w0WgHNJQoiRJMcpEXJsdvS7/AOgWTJmQ7jwJX+KvraKlBBWkiISMs6AlRFzBgbfrST/ezgUrwJQRdwgagaD6DrNMnOOqzGWgIEiVcz+IRawpbxnjAcSCGhuDrB2iSBaDNSMuVAbVj16VLGmxuKV0B+dzLuNL6VFsrzIJWBmudNIMa+kG3OteBqWt3KsHu3JkR4SuDEjQGBp/COdHcNGHBQkWWoT8XMXBMWj3pg4yrurK8chSJTBCkEQSBeCRBOni9aMiFiHJsj0msmYKDjC1fS+o+f3heGbQgBCW4gmBEDSZB0A50MHmXUyoIUEGPhzaiZvr5xUDjRxY7xJUkAhKmwoBQKdQdgZJibaeVE4Dg6W1EJKSSkfEMwQNvMmIGlhTO52PlA2xAqqAlmO7+vecpPnXhXgaxXz8+rkyIvPIwImT7iPO+g1rSdq3QrqARcGOU2sLk8zUVdnpu0bgkA30MwfOLx5UwcaayJIcWTlUVgJskzCQJN0m0nUTod1lZAuBRceXaCKu56pMhuSBoevuPcUx4fwdxxa0QEqROYKIToYIubmREC5NK215TI2pmnibimu6AB8UgxKkjxKKUbpRJKiBaaPg2f8AaDcEjjiNcfwMqDa0DKlQSFqMwFGdVEACYka2m5g1DjC5hilKHVZigZoI1MyEqQogpiNTN9LUp/3i5kyZrTJ66ATzjbzNWTgWNYeQtvEWUR4HIlQIMkG4CgRa/PWnFZW4U8xZgyjzciJDi1r+JSlf4iT9aIwxEjNMTeNfTrU3G8ChpYyE+JIVBKSUzJAJTbNlyzpc6CoMLl0MzIvsOciL0VbBowTAEWIxCSPEB4FE5Zg6fYp32NRmxbKY+IlPopJSfkTVfIAMAyJ1jX9dKs3YNP8AxjaosgLWegCFXPrHvRs3GJvoYHGP8q/USRWPcw2IX3JCFAFKjAMidIIjafSm/BO12I7wIddHdrOVRKU+HN4ZkAWBMmZ0qq414recWfxLNuQEgetbNpoWm0wOGmHJmdbqD4xKngGXJPGGUwHk5ltlQOWLqCjodk7X2qv4zGLdcU4rVRJ5wJsB0FCBu2vpXn8QltOZXyEk+Q1oqYkwiyfeT8uRszUB17RrhYBBUJAvrHzvSzjuPLiSW1KT4iCEpVlCRABB3BJXaT8I31rz/GnVLynQ2yAaX6j4qDfxbiB3ZMJBJN7nQwdgRG2knnSGo1gf9I4j2l+HlDucgmEY57WEk75o+KLQnkAD6UIrBqVqARl/CbGZ6/ELafzgvE8Q75AhOUIBywZImAd5I12J89pn57houJSlEqyBIOYk2KjqDuD/AIVDap4RSTRv85lBd6qOK9ftAMMvKtChJUlXiFhvJEeY3t+pvEeOKVlCZbFzAUdScxKjb7NLG0hToCioZlgG5m4GkbifntRPGsKWXFpdSguZpsLEW5WEi9jbevB3CmjxOtjRmG4WZY8EtXdJxXwycr2UFOdExmIi6kzOYbTRGH442lKi5YhZ0IlYulJHQADTpzpV2LxyCpTLilZVphKTdMGQRfQ3PtUnEnsjIw5grZcKYyyS2RLagrQSCQRr4etOjMRjDKfvzJuTAHyMjDuD6cfejxKFWzqySokySda9Xqmy9Nayn4TWa9Xpya1sPv5V6vV0TsxRC7AEWsf1FZr1HxzJkNSjUVmvUVZgydl9RVJUTRjNer1PJ2i2SM8UkBxQFgDpU2GdUnxJUQY1BINxBuOYtXq9Tyye/STt60czv5V6vUwvSIZZImq/2uV5W0sLaV6vVP8AiH/HDaD/AJhFaHDmSeSxsNgKEx/xf5v6V6vVDydJ9CkN4cvKwsiJKLmAfxDSdPSh8IokJVJkqM3N9NtNz716vV3ss6f0H3l97T4RGRPgTqToPyGqHxC7aVG6pInpXq9R9Z+r8+UnfDCfC/PnIcHd1I+7n+tTOvqGVQUcxBBMnSZj3r1epNZRbrP/2Q==', '2023-03-08 23:59:35.985261-03', NULL);
INSERT INTO public.users VALUES (5, 'cat', 'cat@cat.com', '$2b$10$Z0cs3dlTLARY5ilKPf6a8um8agu04dChe.BfhtiqUuX18UWbl2vui', 'data:image/jpeg;base64,/9j/4AAQSkZJRgABAQAAAQABAAD/2wCEAAoHCBYWFRgWFhYZGRgaGh4cGBoaGhgZHBocHBoaGhkYGhgcIS4lHCErIxkcJzgmKy8xNTU1GiQ7QDs0Py40NTEBDAwMEA8QHxISHzQrJSs0NDQ0NDQ0NDQ0NDQ0NDQ0NDQ0NDQ0NDQ0NDQ0NDQ0NDQ0NDQ0NDQ0NDQ0NDQ0NDQ0NP/AABEIAK4BIgMBIgACEQEDEQH/xAAcAAABBQEBAQAAAAAAAAAAAAAFAAIDBAYBBwj/xAA9EAACAQMCBAMGBAQGAQUBAAABAhEAAyESMQRBUWEFInEGEzKBkaFCUrHwFMHR4QcjYnKS8RVTY4Kishb/xAAYAQADAQEAAAAAAAAAAAAAAAAAAQIDBP/EACQRAAICAgEEAwEBAQAAAAAAAAABAhEhMRIDE0FRIjJhcYFC/9oADAMBAAIRAxEAPwD2UV2uCu0AKlSpUAKlSpUAKlSpUAKlSpUARXrgVWY7KCT6ATXzr4fxDcRxLsWOp2djpPmljqOGUyJPI17r7XXtHBcU3/s3APVlKj7mvnfhna06upggzioky4Kzb+A+MNwN+Sf8tjF1MiBuXQHBj/T8xmvZrNxWUMpBBEgjYg7GvG711b9tGctq5hlgg4gqTBz+YE8hBE1rv8O/GFZDw+qdE+7/ANoJBX5R+o5VMZU6HJWjbXKhuNUjVFcOKtkA/jDIrGe0IOk1suITnWN9o1Oa5+ro36WzGcSJmg/ECDRfiudDOIE1lA3kULhqjd3oj/DO7BUUsx5ASatJ7OOR5rtlGx5SzMc8iyKVB+dbJpGTRnHFV2ohx/Cvbco4EjoQQQcggjcGqJFaoyYxGinoDv0phGKlIhPU02NHEPOk9JVgUmFSV4IWWkFNdZqStVmeDg3phNOO9dCzTCh9q5pHerdi8/JiB60OJqZL1TJWVGVBQw2+/WoH8HuRqVSy9hn6VNwl8c6KjxsjYdh6VjylHRrUZbMx/Dv+VvoaVaT/AMxc/MP+IpVXcfoXbj7Pp0V2uCu1ucoqVKlQAqVKlQAqVKlQAqVKlQAH9qLWrhL6Y81t1E9WED9a8AbhWlV5HYmIPUd69s/xDQvwZtKWU3LiLK7gK3vGjuVtkDuRXlVlL7vpXSiqAoB/DGJPM5wSMgnMVlN5Nenot8NxC27DAOAI+EQRI5lXODkbHtzqnwHjXueIS8kg6jMwCQNIZW7zmemmaIXbcMBxIClgFfBYznQd5InZshhI32zvFW01MqgMY1KwyrKoCyu2WEH/AOOajZdYPefCfGrfEW9asMEhhIlSNwf1q7rBFfNwVVcs7kAYZQxhsArtnsOpWOsGvD/GbqqWtcXcRiQFR5bBYxOoxhRMxmRV2zJxPa+LNZH2hiDWE4P208QZ41hwZjUiidgNJEZk7VYve1Lvr97aKqpKuwnSrAwy55g1HUtrBp08PI28uPrVIcII1OSq5iBLNG+kduZ2Hc4pW/EUfzgEoIAEwWYk7nksQTz5DqLfCcO90hnyWA0rlQqg4Gxx22wOtYxi1s3lJPRW4PhLl5iET3dsHzwQWI/1n8XXThRPKrfiPCLaChSI2EE5nmRJj07dprQPcTh0C6ZPOIGTWT8SLXHnYE4A/WK0RnsAe0CjWgH/AKa9OrEbdiKEOKJeJNquMe8D0UaR+lD3FaohjCPL86sW1ECqxOKmVxFJlRo5cImq9xuVNZ8zSAqkqJk7Orbmk1uBNXLaxVfizkCkpNugaSRFT0FRinEYqmIhY1wGumuVRmywj1YsPJnpVECpbN7SZ3qXEtS9hH3nalVT+LH5TXaz4v0XzR9eCu1wV2tznFSpUqAFSpUqAFSpUqAFSpUqAMR/ij4zbscE6kqbrkC2s+aZEuAM+USftzryngPGH0BT8Vz4IwTqJiJ65HT71c/xRui94k/S2iJz3ALn/wDf2rNi+VJE8gRIEbYAn4TmZ61lKmaxTSCfEs7IC7AsW8jAyBmZEdJY6dsHpTbXDMNJAAXPMxoadaKT2M+gmmrbfSoCktIbOYUZAjrv6x6xovZrgXYM1wK6xjfYhlBA6CFx3ieVRZoAm4dEJBUwAGJDSTmSFUzJAGx5Nmn8DwSXGKaRbYMVZXbU7HSVOnmIMEtkmegxz2Vt3b19yGkAwxMY+JdRG34p23G3TTPYS3xbsFJ12xJK/CdBYnV+E7EjBPl7SN06FQC4Lwk3tLoJ03gGJICaNTsYI3IzjkFWqHBcO/nDsDLEP5jqBnByNLSV3gnPrRzhOFZ0sWbdzREvcg+bRqVVHdjvn8w6VWKW7LvZRlYsTGoedcCVwdwQ0DuvpRYqIOF4Oc40YBXSNWBqDQPXaBt862fCcLpVWTONh05AYJJ2+9AbvANKlPKzQrbsgOGcET8MM7RjkOZot4Lx+hwrycQBgDEKSAO8DMSZrNlLRb8S8P1iY1Echv3AzFZDi75TW4GkL5U7u0xHoAW+Uc613tLc0ojW2ALkFJmWIM7c+kRz9Kw3tIz+9ZXJwdWjkjOiM4HLefoByppleDOXBVRzV+6Kouua0iRIrtXQKTiuWmzFWQtkR3qWzFcuJTFxVbQaYQIAyDVTifi+VSo9RXRtWcVTLllDUWptGDUdsVdTaiToEsAthXVWpLoyelNifStLM6GkzXNNOZhypA0wGxSp8UqVhR9iCu1wV2qMxUqVKgBUqVKgBUqVKgDlNuNAJp1A/bDjTZ4O/cUwy22jY5iNudDA+fPHeOD8TduHm7tz/MYXnyqLgOFuXiNFtmJIg5yeXqKGEm5gYA3rW+xniQtXU17fA2MQIKsMwIz03rCVpY2bx2dTiLxLKnCMWt4chtIUxgHBPQjIIxRT2W9rLYuLb4m3oklNa6dLFsabkAZz8XYVo+DthX4qzqAe/c/iLDHAdHVVIBPNSDI5SOtZXj/BBwnh1y1eZGuMwdsKdJwFVGI1fhyRvWSnG3F/lf6W03k0viXB2+GRlRQNTGWAmQZcHvHL5E0JF5nBhQradKtKywJg5gZkE+hPaom45r3h/Ds0l2hJnJKkqSf+ANVOAuKdWrY4iMGTOSeW2cRyjEqK2N+zReAW1RmhAT/lgNDA40LGcjAE78qCjwC7d8Ud3V1S35yx2xOgAidyD3hTXoHs34ZMucKI0iZAgDHyI+w7VD4pxd17bvw3ultjVN24SVbTOohViVEHM8top3xySsmV8T4xw+lFDqs6/KgBBE6VIjl8zH0p3CGUlpIZSEMqWHmEmMbkH6ZqK8eJsol/iLaXOHuaSLtsRoViIJRhicb9KIeIqkoUGCCdJAjzRBA9ANt87zh2rCnQG8d4o2xbuHUY8iAsCF0DAxyOJg+nKgvEXC5LsZZjJOBJOScdzWs8Q8PR7ZLDV5JG5IYADDD4sCM5Eb9MfpxAp4oEynxAqldFXri1VuLVRYmU2qE1YdahYVqjNj2yAaiZalttiKjbFCKH2mp90SJqGa4HxFKh2Pt1ZLwtV+kV1mkgUmrHdIc+wHWo4AxFdU5JqNzTQr8kbb0lNcJpVZl5JpFKoppUqHZ9kCu00U6qIFSpUqAFSpUqAFSpUqAOVgf8V/EPd8Loz5zBE7iJMjnW+rxv/GHj1e7btKwOlSXg/CTEA9P3ipk8FRWTDXLahZU7j0+s1WsXChkEb/vr3qpbVmGnUYHLB/Wm6CvMn7/blWSVeTZu/B6T7NeNW7ypw3FBXQeZGMhrZjcMIK4aJHX61v8AEXwfhbVpWR7jMzDTNxrigZOQx+U96zPhHDiJYnByAd1IO4OCMcs7UvGrjvDNlUEIIgKNtUTv0rOvkqZS0O8O8VmxbshY0ajk/mnIHzoz4TZYNO0EEegH68vkayvg1ty4jmQZ+9bZLpVBO8yeXbf97VE5KMqXk0hByjbNN7Z+0Hu+BKWG/wAy+IUrOpU0y7dQYxPeqnsfx9rifD/4N2COttrTKx0nSVK6tun3rCvbe9ct6gQLZIIH5GM6h1jnXpviPi3BlVV7CXHCiAUUnIBG46CnLKSM6SKfFEDgl8Ns3Pf3NAS5cklbaAguzsT5TEhUmduQmh/j3DJeDBCo92o0OvN1JAQY/Qzmor/FXrvlQe7SfJbRQoABkagIzAIMmPpk74R4Mq2wzAMTsIGlQRkg/i9aST29jtJUjK8N4lqsIdJjSQw6MCACeeTIjaPpWa042x/WjnjVi5w9y5a92xS44KssBQDBIBIweXLn8hiCAQy/CSp6zMfOtaI5UDWQTVO8najjtqALRtKwABvzqs1wcyp6c8dIp0LkZ91qu1GeJ0TsI+lVb3DKfhzVpksHaopzrImpX4U8qYqkSCDVfwF6IkNccU07047UxWOQ4pat6ahpEfrQVeCQbUxq6xpvOkgbGRXKndaiIppkNUNpV2lTA+xxXaaKcKZmdpUqVAxUqVKgBUqVcJoAFe0fiy8Nw73WI8o8o/Mxwqj1NfOPifFPdvO7sWZiSTvnoO1bz/FLxs3L4sK0rbyYONR7dvWvMeIvtqgzM43/AK1i3bNoqlZI76DMY5zv9KsWXV9v1qM2ceeExsfi/wCAyPnFV7VglvJJ9YXA3JkwPrS42VyDz8JcKYAC482tQdxjO2Kt+EWQ7+5uacmAdYJI6xy/tVWxbRhGlNSjzl7jeURE6SAPkRVvggqupXRrEaSiOuR0M7RWbTao0TSyUuJ4C7wd8W3kA5RhBDAfzA5UT4J7l1iiA3GYfCqkmDzJAhZ7xWk9p71q7wLJcCi4ubLg+ZWwAMj4WEg9o51o/YLgLVnhkC6i5ALsY8zaRjHwgbAfrvTcFKmJdXimqB3B+CfwyK11cuoVwAXIJ8oyBtGDiJp44VbqAppIGVIOrUZ7YE6Z+oq74/qe7MK7INNtUuaHhh55RzpeBBjNRezfABFYo9wL+JLtuGkYLDSZgkEzH4vlUJU6E3asGAsCUNvUCRJ86kkAxpEYGTjO5xBwxPGb1niVDwthhAEEBenZfnH2rQcS6TAbzHIKsDMb5aDPVR1oF7RunujrIBn8anzHbCkiDtMA03dkqgl49xltyiCGBIZjJ+EZHwn9a884q4jXHaCAXaVOldzgYH3JFELFpgACY1HABYat4ClQMcuYoNe4cqx1AnOZYmc51dPSqiEkT8WyRAJyDIiIA27R3ms1dYK+D9qI8VxRVdI+GSSOvL986HW01vPONuWP5VaJZJw3DF2nly1c/ryqw9oTpEMTOVzHyqZSvwu0jvgDsCPrU3DWUXzIRJmSTg/YelKx0VE4bSu5zPLnz5elVZ1NpIBHfl3nlVy9wlx8iNIzkx3EDepb1kogJXPYSTIx6UwA3H+HFBqGVJ6jB6UOFH+GDMTqkjoRkR2qlxlpGaFEEdoBq1LwS0DFp6jaumw3SmzBzTBMT1GDT2BOaZTQnsmVsVE5pwqM0JCZyaVKlTEfYytT5qsHxThcqiCeaU1F7yue8oGTzSBqD3lOD0gJag4u4FRmOAASSdgAN6froT7S3mHD3NDQ2g5+VD0B4HxzC7xNx1J0s7ZY8p3nn8yAJEmqnEgKPJ8WfMCc/wDyEH5CB/u3pniWtocTpx5RP/2kZPrtPKucEQzwGjHmkRAG51RHTesF7Rv+MocFwrM2xAmNue+lVwCYzyAAkwKu3OOCDRbjV+b4lEc9WNbf6oCj8I/FUviC6hFvCxA6sN4ONsbc+Y2AF2gUGv8AEfgHSDl47HA7yfw1ommQ00XBdFnyqZut8ROdHUCfxdT8t5olwHGI/wAeqZ3Bj786zegnI3/f9qmt2XEHJOe/c1MkmUnR6V/4bh76CSQSQAC0kScESPT71pfCPDb3DLCOLiR8D4O34XH968v4HxG8jSfw8ukAxn5T8qLcb7Y8Q0EDSFOBj4YBUkjbcCe1JfoP8PQbrOzarkaYko3mI0g5tkZB2p9vxVNBW3kxILs2naZ0k6gvpkdK8q4j2kvMwPLVOZmMbgGJBH/c1Anit1zpnnKYBhieU4gwB2xyEUq8hk33Eo7MdThJ2XUIbnCtGljucgE4xvIfjL4tSr+ZgJnzFl5a2tn4doMMAOdC+BuXWUrcbE55Z6Hv336ycgknDqFC3GLIPgMj3lvbCMTldsSYiJHxFWmNJo5wNolveFZUCQEMDsSI3+XpOaoXLJZmBAWBO2mfLMR36Rz5Ua4FTcIS2RoB1axsesjTqDTgiOoI50P4m4dZBOkkkr+U5OQT8BjlMelTHY3ox/iTQR0mc/p3p/hhVUJbmT6kAz8hU3j6ZMrEGYzif5frNU/DGDMAfhkepPL5dq0eiFsLKhOUVFHMnYAGQJP/AHVrhEtydT8uatE9hERgb1X4vi3QYKoJ55cCJ25HeuJxV9Y0s5kAkAQCuQIA5SI7moKCLi8PhtoyxhlIGr5Ch3E3L5z7uDjAC4jbBq6niNxR/ncOxkTqXDgRiYx84rv8VrA90+sD8OzjrgbihACFuP8AEwJO8SfnimJeDnbT2MH9an/inRpKzEmIgjPMHMU60Eub4OwA3B9DypgVX4YOCV3G4GPWqicOjYOD1O1EmUBsGAYDT9AaocUkMDkEU0Io8RYKmD8vSq3u6PW112yCI6Ej+fSg7rBiqTCiA1EalcU1RNWiGhug0qlpUWHE+rmvYprXqGNxOwpr8TBpOQuIUF6urd70MPFVwcVRyHxC636d76gw4qnpxRoUg4BcXKi4/wA1pxMSpztGN55VS/iKH+0PGqthyzQNB+sYApuWBUeN2eKdWZW86BiMa25n8v77UvEeEt6DoZQrHzkPPm/Iey/SSe1V7VgzrBAI+E6gP9zADOOXf0NXTcuWfMVF602GAMb8miBPQkVlrRrsE8PrQ6G1CThuWkTJJzIjMdqsXLaXvMDpbKgRuRhQDqhvtJO3W2nDoQX4dyFbD27klV5spgegneDVA+GlnAUaT+XVCM3QOJ0mRENG1NNMTTR21wjCIwY30mTzaBk9OX0p6XWUfAAJ6AwMTziTt1786c3EOg0OjArETII0mNJkSwiczy9IlFxNRKsI6MPUqCdohSP1pOx4KicSxYlljOMAEzAPw4jPIAVONTnAI5yYPSIO0k9ukd5G4pQxXGQMxg7fDyiA31Bqxw/H2ypVIJAA8wEbwGMZkSc9qHfgFRWbhGZ8ghTkk4OQCZ/WpBbW2J5ZgSASQTByNufpvT+J8YQMTiBiF2mCBvkwDz69hFexZN8l38o30jGoGYO+P++tTTStlJ3olveIF2K286pP+leoE7Cc8hnFF/CuA/E7B25LyIG6nrHI56dBVHhU82lAFAO4MZ6z8qPeGIARHmMzOD9yG9elQ36Kr2EPckoyABUKHyr8SkiZJnJHQbigVyxotEEyqt5Y8wHZWIxzHbYzWosWgyOF0ZXcYPZiZketY+6zozAsCDuRMhhghuRMQJ/lNVHRDKvtEykKWXylOmQR0aN/t2rL8BdVG1KxBGQGGx5ZGD6mPStH4ndU2U31KSNyTtzXkOhFZDT5o5E1rHKoiWGbBrKIiXHZS0AkGDJbmZ9f/rTOJ9pEBJRJOcyRjlEbenKag4jwpnddTShQMBMGdlU/KPrVp/ALa/FqiQeUSc/EOXp0rP4+WWuXgq8N7UaWGDHc6oxEAnaitq5ZvAOsI6gSywG/3YG1BuL9meaPM7CPTY86FW1u2GmD+v1qqi/qJuS2abiHUnS5lwfKYGQOp79xQ+/Yk6kJDdBj5irK8Ut1AcBgNoJA7ZnB37ZrgZviiSuHB3jYEZ5f0pLADTclZbnHKYPXqJqt4oumMZOAeuNs1LcA3AOlp1aeUcyvX0qnxL+ZBkjcdfvQhFmyzKADB23/AEql4ywOkgRGDUzuCmoHHMH9RVa/c1qA3TDfvnVJZBsFlt+9MBinMMxURrRENk1KotVKig5H0PbuSZJqPiOIzjNC1vkYpjXjXJKZ0xgEP407GurxkYmgl3icxTGumaz5svgg/wDx0H1qwvFGsyl6RBqynEnANNTYnA0dripoB7Z+JhbJQkjXg+nP1pycVmsz7W3w+kH6xWsZ2ZyhRnFeSRsMQssIHISB96m4e7dtMHRmXH5kfUOhGqSO32qj5NjOeXw/fNEeGLKCoHlPc5nrBg/OtCCa5xdm6yOFfh7w/EgUozTJMSGG2ase4YvqZbV5WXLqGXUswdQQwYO8np61TvWzEjykdRKmOo6jrOJqbhLiuIYBLgMhlJAk/wCnY/fG3MBP8GixeZYCFA6CQEclikiCEcrP/LI69RPHcMoAhHT8yzJnIk4E4iI71b/hmuk+chtwCdQYrAMA5UxmPSq3FpcGCWxhhM+UHHL1zUqVMpq0N4a0j4M4UgYzBnafVt/5UTteA23URMnbYSTBC75nfH5u1BraMQSrEmcrswYbQREznPeinAoNAbW6sQTg4BlV+e9OTfhiSRLwnhNtTLDzGZG8EEmPpGYz6bx8TxEsVQdscp5frirSKW87mEzJ1RJx5QRkDG/pXbPEcPGhVNtpwWJM5P4tqzbz7LSH+H8GxWQQvc5jrAG5yPrPLNp7CBpuXNREiNS6dgQYH72qhxIIU4aAMxII743GOW2KD3LKfE8sDMEHn/qmc045JlZ6D4VwqAgq8j8PwkdTEDMjsT61n/F3C39DCSfLJGnbABAI5Y+fOl4HxZtuNDOyHDKcxOQVPxETvsPXlW8e4qeJVtLQIOdWRJxpHl5dI7VaRDA/jAhTMAkgwDMdxv8APNZ0GGB3g/XtWo8aQFC6CFYk4AGDzjeNsVlX3rSGiWaA+IPcfWuNh6CNo76qvpxTwZcsoIk6TjJwD8qzfh9wzAgfvnW+8HRNKiRoYqWkRkEys8v7VlNKJpFtgK54oi/m3+8Tipy6cQp21D4pAk43A/nR7juHUgI1tHTkshSdgJPKMdd6zHiPg/u7mpJUbgHdT6nelFxehu1sHqfcXBAOgjM4B6ic4q4bpC61EgEAkSJUnKnl/OpOJOpAH3ODPLqwqlwgZNSciJHcbA9q02RVBC7b1ZGMzM4adiQefKqXE3IdQwAx3z1n6VetlgikgkREjJ9MUD8UuHWIJjlmSOu1EVbBsr33Kk4wScf2qBWwfSRRBPD2cj8I78/lRSz4UijIJP0py6kYhHpSkZu3ZZj5VNXrPgV1t4Udz/IVo7fCrMqoB+f6VNcfTzrJ9d/8m0egq+Rn/wD+aP8A6q/Q0qKe+PelS7s/Y+zD0aw3KZcvRUHOZ+VMvHvWLLRKzhsin2rnI1R1xTkeTSodltmz2rqvmoHeuK9Ayw9yOdAPal5KZwBI/cUUvPmgPtNd8qD1xWnS+xl1PqCOEOpwoIiczqgfJa0vAcQAYtID3IknrmIA+1AvCuDBI1bGI3j+9aLw3xO2s21QlycSAFO+YGRj1mtpvwjKK9l/WXJR7abSSk6piAQVwD60C8a4PQZUnTGRJ1DP9avMCjl1Zk5PB+E4IOdx1n1oX4tfY+dhnn0yN8cjWcW7wW1gH2eKIbUIkdyCQOQPLb55olxfFyAygZyBMEAAAxH0P+0Gs17yGzMbg8weoNSNeO4kQduXeBWzgZKRYfijqkSNuk4OO0iiXAS8MxCop6EZPIRQJ7k0d4XgjcVAuFCgt3nJn+/SlPCHHLDVx3KF1wMBVDEyOpg/vNBCtyfOAM9NQPYiP50d8OuOzHTEg6RgQsdvUb06/wASTe0FVB0yY55jesVJrwauKfkh4O6IExAGNyq9vNlJ6belVbdqL3umA0XcL/pYbqBPrFEL94hkBEaiRmd4mZGdp+lR+O2z7sdQVZGE4g5Ix6GiMs/0Uo4KF221gtqXCHSZAJXVgYjY4zHau8L/AJ5UgkEDMzyMn9TRbjri3LI1uqv7vQwEMGG+09Rz6mgnhF4oSdAHlC6pliZJJPQZAjPwjerk/jfkmMblktcdcsrbgjVony+YGT3nO9QcL4Vw7oWddDHIE4iJwQcb8xTmtaj5SQd5xIPXn+81YtcAulVEQojO+2elRzSjtmq6bb0ivw3s/bXzI5bsSAe+Rg4q75kWFVTy3J5fLp2qa3waJMaZ7Yz68+dWfdrOAD0zEd9qzfWveTRdAr2+MaZaMREgHSf9JHeKo8SpdixMnTA36DmeQ6Ua0Lgxn707Qv5cDr9/3NT3q0iuwntme4jgtahZgjEjPy/fSorXhRB+KTEbZ/WtYltDA088H+tTnhUIGB8j9qO+0PsRMnd4VzgMqgjaGETzEVX4TwKGLF0Yk75/WK2DeHocA/39ar3OAYZEER+x2ql121Vk9mKd0C08NcbCf9pVv0NJ+FYfECPUEfap7koSCCCBykVJZ8VcD4tQ5hskD50h6KTrjBA+Yn7Gqz8Kx3M/vpFaREtXOWlj1Aj+/wBqGeIcIU223/76UJg0Cf4Rv9P/ACH9aVS/xb/nP/Jv60qrJNIJcNxAYyZUdBBJ9WyB6D60VQ2wJIWOrHVHcs1BLJCLrE4E79pGNqoG89yLjGeaL+FRsMcz3pNXka3Rp24m2fhTV6AKPUEkT8pqBjbZoWJ6AyfWADWVPEuzHOFJAGc8s9u1TrxtyAA0dABAAHYU+DFyRonsevz/AK0zbp9qAs7mZblPPuDAmnLw+CZo4+2H8C7cQB+EVnfHvO6EZGflRS34UZ+L9dh3+dS/+BzBbkTg9Ceopxai7JknJUALlwKU0icQTPr/AG/eKvLZA85+JCGBHqdQ+Yq14h7LviLi7cwY2qMeE3yGQOg1bmG9K0bT0zKmi54lxttAGOBcWQf9S4g+oI+lYrivE2dSvKYH+2ZA+WfrWlb2eaES7dLKMhVEAcueaevhNq3MKJHM5P3oUoQ/WNwnP8Mzd4Usi6VJMDYH71AtthuMjfI/Yoz4rxLDUqmApAJ5menQVRvqAqgcyBWkZOskOCt14K68E5E4jcEmi3hV8qAJgGZ9KV7AocrwT3EekkVPJzWRuPHKNB4E51AEZZiRk7dP50d4Xw5PfsGyxRW5yBkDP1ob7LqG4iCPhUkfUVq/CWBa8Y2fSPQCR95rGcmmXFYAXtDwp1WBbHnLR9Bk94E1V9qvEYKWsAgZj6UvanxNrd+0V3XUc7bR/OgZJuM1y4dTHPaOlVFfFNhttIltrO59OnpV+zw4P6TVbh+Q/tUq3N+lRJs3ikWRexgbfypHitgSN8/90Oa8dqYbhnH9aniOwo3FAGPvvv0qaxxXRu/9qCPcJMyaeViM8v3+tDghqYaucVIxg4qQOY2x3/fegy3CSRVi3cYwJxE/SocSrDaXBAJPPIAPyzUjMBmT1wScfoKEJdMnoOX61NbvyDPMfTGedTxHYS4e6TsS3Y/p61dVz5ZG/wC8/vlQOzeKr1G9Ti/K6hIg7TP0+n3qGhhS/YDYMHET05x3rL+L2Sg1nYfc8o/pRyzxWkGRMEEdR6H5fegfjtz3ptIceYknedIBA+9a9L7UZ9TRV4a5cYSX0dNMSPmasp4xdClCQ6zkMIbnEMMc+YqP3USJ6fpVW6QIIG+I+Zj9a0Ttj7aSLX/kLfR/+K/1pUO1UqqieJ//2Q==', '2023-03-09 18:06:39.051055-03', NULL);
INSERT INTO public.users VALUES (6, 'art', 'art@art.com', '$2b$10$D2yx48htt.u3nxOKkscfC.Rs4r5WFXhCaGcc6L3TTiZCv8FVvdgaS', 'data:image/png;base64,iVBORw0KGgoAAAANSUhEUgAAAF4AAACQCAMAAAC27iyYAAACB1BMVEX/////WgAAAAD/XQD/18B5HABwFwA6AAB2GwDnUgA2AAA8AAD4+PjjlH3w8PD/YAAuAABDAABrFQD2WAB/IADLRAAAAB7uVADZSwC3OwDSSACvOAAyAAApAAA0Njrp6OhPUVUSExT/3sYAAECKJQAACzwAAC6eLwABJJfMd2AAAGIAADnmnYb5ybLzvKbAQAAjAABMAADGxsaysrNCREjb2tpjZGkqLC+Tk5PTjXhoAAAAHIphEwAlLo8ADkgAABUAAIRXEAAAFFsBHoJaAADsq5QUP+GUTz0AAHL/SgAAAFJHDADsxQAAAKmBgoWjpKVycnKLXE53aWnDinhoWFajX0y6eWbeh27BoI5USEihdmxZOC5BIhrUuqrqyrVjRj9uOy2Xf3YgFBPt2s6Eb2HYpJaxXEYiJUx5NjNNM0aQNUzvYzeji5AABpfMRyjpfV4lDS5CL11tKU8lABY9Po2GLiBeQ35STo5+f5k4IWuFLi4AFWq0tcfIS0M8FzzBUSp4TlGfPyNcHSQ9C0QfAERAFn+alaUJMLO9WD0AL92jpts4VNipe4+1m8RUYNgAEs/U1+uNXnNHLjF4VACYcQCXVABaQABLPyVuMwBeYK42JwCBZi8mHAAEKL46RqiGh7ZpXTrHpBWNfDK1GwePABHNAQDHt5GUeVS8mjxyY3njy4Pu0GSylVASSIKTAAAOvklEQVRogc2ai3faVp7HkQSyBAKMBJZADmBeMjYGm4dtbMWO/EjigB8xRnbcwGRCzaRN0qad6cxmmJ3ETWecTHeb3UI8naSembTd7exO/8j5XYGdOMl2i0TPmd85Pj4W+KN7v/f3ulcymf7ZjPlx8Wtr6cCPiM8M+Sencz8ansHxqezk9I/G38BxmMBar1fBEWjz1nGNnzb1cAkc6Y1gNjiNbpABPO4PTvcOz6xnh/z+bDDrz5hMaYSfym44eoVfn5ryZ/1gk5P+jQ5+ajLXG3xuaGpqakgzf3AyGNTEGZoK9gjPpINDeMfAJSezGt4fzDh6gocbTE+d8INtPKztWo/oYDn/MX8o6O/MY6OHsctkT/jHSg1lg+s945tO+C/M38kNDiPxywQcDAAY/+v87CTo43AwjLEYcDgCOXDQ1/BD2bXptbWNyWA2bQSPLBCYfok7ldUmM9W5ZS8WOX2M1vxm8sVkgsZzZ259Y6MdUMFJEH1j8jLuH0LJASJ6Y216enpdf5QxkC+D2bYeWQBPTW6WVDy7hdy0M4mgbvWZzGQn6WirWVbx4FY+WcKD6kkMGFna9OSLJQU5tnfwK/akWcV31WxnaTP64ZoFMmsa5/JbV4dKFTyfrI5d3kr8ZGojCLeE2GUMpzcGTeLyhWvXNjYvL4fMyz/5KSxvxY/70xAVvUiegSB+OX8hzmSuVs2h0vWMKV2q4lBogmuGgwplZVjIq/kL9bQpXTObazkml95Dkeaf7kFf5djIoqQ/Xq7H1T1zyFyt7NRqb+Mb6V4VFe0mufRufNls3gkl7WMMut9ajzvCnTrg98xmc6gGi3rc/PTKmD01bzZXKtVQpdL7TtNRySfqe6HlvdCOGtrpgce8ZIwpnd/OJ9R6qVot1ZOhUqLSO2kcG/jb9ng9YS/V4/W4PZ8PVdTl6vrPejAFR/rWjRvhdxKqak9sq6W4OpbP55Mh896YeeTdm3uGvIepbd9MzVjY0Z8l7HZ7Pl7ei4NCe/k88p9bt9/DVvj3K/rd376CpXgvS0XDuzDkSrVWq5RUGL09Watlzs3yGNiKYNc7hT3MJ9NOibwT/iCRV9GQawxMw57cKZVmhz/E2raS0EdnLhMs68Mw6efRxQ/ydvsY8Kt2e2IsFDL/YrghEcDm4Oe+Pn02cKcsiwRNfBSeG/5lKZ+vVqs7+XwFfv1quBHmEFvwEFzsX/TQA0M4FnFJzhThDUcXhmcXZ8+CLS6enV08NzK3cNfp4TDC48bES7N61M/MzwvioNuZ8tADc9HGsGazs4uNhbmBhcXZdzFQxxlh6V83bv9GBx0fHfAKNhITIvS4xl+IRaPR2MD8PExlYZb2egmMKLC+O+d+pSfApt+JSbwi85zsU/DYHOjTiMZwPNYYXlyIzt4lZAHD6D7KfadS0SPOjrp7jbPIglOW9mN4dGFhblEzEGdhcfhfUyxIL05Q18BP9Yy+tKeWJbfic0ZI4bdzA9FGIzq3ANZYhDU4y1EShhEWhVXV5VKle3rAPla2qzMyOI4icnNhpP7i7HDH3kstiSD9uKImQ7VEtfv8WbMnIUnmb0hOukBxnDUWQ4Ofm0PK3KUxyQMBJVxF6c1USXYvftquxu1jifyMk/DJXoKXob7OR4E92/iIIAQvitd7cRTKtYCOvLZTr29D17S3BBrQLEFw7jDSZrHxW5+Tk0RExx5uQ1NoDunBly/U0f8y9yExEjxIQbwL7IXYPub0kALKNwJfjqOvmB3V7sXZv6DNnLnldWIYDz8wiY9jBdrJWdwEzIiz8PV6G8/ocPx9VcM7KvdFjuAlHwZIgnMSIrgqzxOeJc9ebr+ue/TlPMLXqhXTfcrLEV635KM5TpAlghM9hJcS7zGOj+p2WB5d+FK8nFg2J1WH6coE6Ya8K7Kkm2VpTqRSvIfmUksZE9T2BCxtRUdYlet11Z5XK6aMdUKmCm7kL4UUJhbkSMRqs9A0fY/J7cftiWRSBx50jZcvbOcdpsAt1u22uJSI5ONEl5VyK1bFTbFf36wh742r6raOpYV/tKtlew15dBqPjYA9WHrwyScPHnzSOHv37t3f/b7zrbq6V6vUuqQz4HQJ+3YygMaVw/GBgVh4NDxycfbi8MHBwfnz5x9pJaRct6uqObS31yU+9/AC1OwEBLw2enw+fAlNYHYWoZE9+gN8EHgYty8nQqG9fJf4NOAhW5lDuTYeD18cuXjxmH3+4ODoN9q3thOoI98t6cGjxgaNXjtEw0GakeHz54/a99DEyT20I7y5pEccDe/Q8OPXB8KfXBr53cHJ+DVxTPva6Kv5bj0z8LD8Aj/dZ3P1yZScon37+/v3Pn7v5rsffqgNeCeu4Ze795w2XpO+39XnKrgjEkGkUj5RYKE5s0gr2kdtfLJ7vP0EvwVjZxVJTBFEJEWLPrcTI9wpzA4fOeoo7Y2NdYs3qYAPhVARdQy6bAqr+CCR8bKH9/qgyGJuGruJCmzZjjpOc7dRG8AbC2c//fRT+L91q8tFySzvFQjfhIcTUtDVEhHojNGyvF3+t38H67ZNC+Dg5Y8efQaIK7aCQkluLsVDW+PheA+ULz5FYCuou8nGzj169OjxH7rEMwiveR+Du2SZpSNYCromBYoiDYP3oUqLQnX90kXkpf/RPX7k6PxjmHSmf4IkKadEeMBxFA8qshgh0dABvq/hZx8Bv9uNbhp/65effYZCc61PsVCiUyBAE5+iDRsjUiz8dROUy166eHT0qGs8BIx9GZUJ5kofaSHbg8aEDh5uAD88uGPm2uXd3f/8rFtxEH4MJbTAuMtioeg2lJaP8dqmCu5eyieWlxPdV6uddgPGZM6ANhTXBvLsKXxJ+1YoFOr+jKGi4asgvWyhLG1tMI4VXsLD2u4ntKTQfZPWxpsDWzbSQkWcHaD7FP4mpJyx47zXnaVhaZNJ886gzWIhxc7oicgpPH1hO5nUJNSDV9VysjJecFtI7zFePIXn4omyCn2UjuOdzD50yPXy7qAC+NQx3isQp/BqvZwIVfWcHqHTs/1Kpl+2WI4X1JmyuPmX+Bxk7W27WRe+bZtWwJNtPCGxQsElvoSv1NLpnJHHWFeQX3aiKiJ77pGDsnQyfq7rKvKKBT63sRbKjY5WIM9E+FszBUX7q+05Rs+j0oMIH0FBy0VkXkwvyYWT0CJEo8+GM/1aVGlDlUVOTk+4rexxFGDuGwbxG30Ij9SGDYNTupErREjF3cHT8ozB88Cr0CO0owoClp657/iclGyWtvhEShYNru24C0bP+gBPS7D53zVdYUWF9XQyhOzptvk7bYFBaBIsLPJLH2yrZm6ZtpZESmm7Jk+RtM5jtI6lUQ9iIZEYPBEhZzKmzYlIykY6244qaeVWv2UAT7b9kvDIwjc505qVFBRZiwNZ4rCbhvDr1oJMopMVcHsq5ZxxmKYH2ZSkoBTn0c4sDOGn+woU1XYcUSSIjxym9UFF4m3ohhxagBVDnrnRV7BYNCl4tJyXGVP6jOLmToojtmLoEHnTBnU8glgpBNuFNH1dYQXBRR/jDT0o2LLJL2oJhu3ApfEJUnSyx+VrRcd+/MSYM5DQ2JMEqbGuuCg3kYocX3vfgPi3bDbqRZfQVmLQRcF8ThofWr/4DlYG1kl+1NwkNy5TFpn2Cu2sQ9/UP/rcUqqfotBWR9AGuw3X0uPQcUJ11JyVZrVrekd/w0spFpbjJIngaIzTatPWkluSqQjss/gU6cWM5LT7kVQfiO8meQI8UdCyb8BGim7geyU3KXNGHNNRYPmCAn2Izwnq8LQ20vQ4a6FhASjKUvASvIGEn8Mpj4eyXvc40UMAcUVDMf0FSvSMw37LJoP6qn58+gwLO2UwAX5JfCf5nnGRLC0WxvECj/H8Bf0PfiB9UT4O6BEOMhrfeS5+1cpCnuB4Gi7S9H39jgm7KoqMSBJLEx6WiHTwb8FeixR5nqfBoVK3dNNNm30RqzLRp/BEysXT1zs901sTCjQPLDKaTu3qx2/1RaQzVsmJSS7BqUx08FcmLBC4JMtCN0hH9Edtrs9FCpTAeWSFdnpltuPiW7CVI90eAbTnBLf+nLNmK5CSwLL9bkgJLHUjcIIHcVAmInxeUdjUSXf0y6KV9ApnRMLLi6xlv+OCm9A7QBUAX6Ujoi/l0ZnxM9dnhIIiS5ggSzTlw45VBnxEsLGkSLsFhSBWuj0EPLa0InnGU7wbl2kOE6V65/KmjaRE2mpTZAGaWUm/4zP3wbf7rIpIpAZnTp47rg3aIGw5dlCAbNf/sYG3FXYibL91yYKJ4xM/PcHkPu/vY90c56Eouf9jI53CWrPVajWfPDlsNl+6yqxbB5ciKZJcsh7+twG6aRJvNgEN9seXLzPNVnPii2azVSz+3gCdCeKtQ3T+OnDp1BNZZur6IVireO7xn4zg/XjrKR6LNo5WT5+VbaB7xp4VG0dG8I4hvPUlHo0OH62ePunT3lOL/bH4wdGfDeAD+BDgR2MHR0enS6p2ZB3zA/62IfzTFj4fHjg6Onj1A4QfLV4xhM/hh018YDR69JoGGj5c/OvRqgF8GuFjowtHq3955RP0lt2AhjfQYmbw5iHgG6+ubHttB8LPn91eNRC103jzKR4dXTxaffUcEa3tfPhvrduPDZwqTOKwstFY4814PPzV85ERI+/s4U/Gx3H8zvCfX02LOZutz3bmi6+/+Vo/PfDrpS+++S9krxek+0tLSxHLk8ID/T3mOt58Fpv5+R185PUjXJQWvok9/2pVd1YI4Iet8Gg4PNp4g3toWWf0r8WLul0ni7eux0ZHR2NHr0nfwc+Hi88evxoSP9A0p8fnYwtzb8q67ZdvB54WG6951Q8yZuiwOXswPLw6987mG0pS7vCplhi+Kt7WlTSn8dZ8dPbxwbfN58U3yZv7tvkl8v3nf3stpH+AOaaaX15avf1t8Xnm/zp/Tj9B4r1T/J+DN3/+fZY+bD37rlj83+9z63SreR3HW8XV7n1/p9Uq/v3/e7Ek8G2refhl8bvu37cNpAM/5O303M53MA5D3cj3G5PL6Ti9N2r/ACME3CYXqy7YAAAAAElFTkSuQmCC', '2023-03-09 18:49:08.944737-03', NULL);


--
-- Name: posts_id_seq; Type: SEQUENCE SET; Schema: public; Owner: -
--

SELECT pg_catalog.setval('public.posts_id_seq', 12, true);


--
-- Name: posttreads_id_seq; Type: SEQUENCE SET; Schema: public; Owner: -
--

SELECT pg_catalog.setval('public.posttreads_id_seq', 1, false);


--
-- Name: sessions_id_seq; Type: SEQUENCE SET; Schema: public; Owner: -
--

SELECT pg_catalog.setval('public.sessions_id_seq', 18, true);


--
-- Name: trendings_id_seq; Type: SEQUENCE SET; Schema: public; Owner: -
--

SELECT pg_catalog.setval('public.trendings_id_seq', 1, false);


--
-- Name: users_id_seq; Type: SEQUENCE SET; Schema: public; Owner: -
--

SELECT pg_catalog.setval('public.users_id_seq', 6, true);


--
-- Name: likes likes_pk; Type: CONSTRAINT; Schema: public; Owner: -
--

ALTER TABLE ONLY public.likes
    ADD CONSTRAINT likes_pk PRIMARY KEY ("userId", "postId");


--
-- Name: posttreads postTreads_pk; Type: CONSTRAINT; Schema: public; Owner: -
--

ALTER TABLE ONLY public.posttreads
    ADD CONSTRAINT "postTreads_pk" PRIMARY KEY (id);


--
-- Name: posts posts_pk; Type: CONSTRAINT; Schema: public; Owner: -
--

ALTER TABLE ONLY public.posts
    ADD CONSTRAINT posts_pk PRIMARY KEY (id);


--
-- Name: posttreads posttreads_postId_key; Type: CONSTRAINT; Schema: public; Owner: -
--

ALTER TABLE ONLY public.posttreads
    ADD CONSTRAINT "posttreads_postId_key" UNIQUE ("postId");


--
-- Name: sessions sessions_pk; Type: CONSTRAINT; Schema: public; Owner: -
--

ALTER TABLE ONLY public.sessions
    ADD CONSTRAINT sessions_pk PRIMARY KEY (id);


--
-- Name: trendings trendings_pk; Type: CONSTRAINT; Schema: public; Owner: -
--

ALTER TABLE ONLY public.trendings
    ADD CONSTRAINT trendings_pk PRIMARY KEY (id);


--
-- Name: users users_email_key; Type: CONSTRAINT; Schema: public; Owner: -
--

ALTER TABLE ONLY public.users
    ADD CONSTRAINT users_email_key UNIQUE (email);


--
-- Name: users users_pk; Type: CONSTRAINT; Schema: public; Owner: -
--

ALTER TABLE ONLY public.users
    ADD CONSTRAINT users_pk PRIMARY KEY (id);


--
-- Name: users users_username_key; Type: CONSTRAINT; Schema: public; Owner: -
--

ALTER TABLE ONLY public.users
    ADD CONSTRAINT users_username_key UNIQUE (username);


--
-- Name: likes likes_posts_fk; Type: FK CONSTRAINT; Schema: public; Owner: -
--

ALTER TABLE ONLY public.likes
    ADD CONSTRAINT likes_posts_fk FOREIGN KEY ("postId") REFERENCES public.posts(id) ON DELETE CASCADE;


--
-- Name: likes likes_users_fk; Type: FK CONSTRAINT; Schema: public; Owner: -
--

ALTER TABLE ONLY public.likes
    ADD CONSTRAINT likes_users_fk FOREIGN KEY ("userId") REFERENCES public.users(id) ON DELETE CASCADE;


--
-- Name: posttreads postTreads_fk1; Type: FK CONSTRAINT; Schema: public; Owner: -
--

ALTER TABLE ONLY public.posttreads
    ADD CONSTRAINT "postTreads_fk1" FOREIGN KEY ("trendingId") REFERENCES public.trendings(id);


--
-- Name: posts posts_fk0; Type: FK CONSTRAINT; Schema: public; Owner: -
--

ALTER TABLE ONLY public.posts
    ADD CONSTRAINT posts_fk0 FOREIGN KEY ("userId") REFERENCES public.users(id);


--
-- Name: sessions sessions_fk0; Type: FK CONSTRAINT; Schema: public; Owner: -
--

ALTER TABLE ONLY public.sessions
    ADD CONSTRAINT sessions_fk0 FOREIGN KEY ("userId") REFERENCES public.users(id);


--
-- PostgreSQL database dump complete
--

